USE LearningManagementSystem;

-- -----------------------------------------------------
-- Role
-- -----------------------------------------------------
INSERT INTO Role (Role_ID, RoleName) VALUES
(1, 'Admin'),
(2, 'Professor'),
(3, 'Student');

-- -----------------------------------------------------
-- Grade Levels
-- -----------------------------------------------------
INSERT INTO GradeLevel (GradeLevel_ID, GradeName) VALUES
(1, 'Grade 7'),
(2, 'Grade 8'),
(3, 'Grade 9'),
(4, 'Grade 10');

-- -----------------------------------------------------
-- Sections (2 per grade level = 8 total)
-- -----------------------------------------------------
INSERT INTO Section (Section_ID, SectionName, FK_GradeLevel_ID) VALUES
(1, 'A', 1),
(2, 'B', 1),
(3, 'A', 2),
(4, 'B', 2),
(5, 'A', 3),
(6, 'B', 3),
(7, 'A', 4),
(8, 'B', 4);

-- -----------------------------------------------------
-- Courses (8 subjects x 4 grade levels = 32 total)
-- -----------------------------------------------------
INSERT INTO Courses (Course_ID, CourseCode, CourseName, Status) VALUES
(1, 'ENG7', 'English 7', 'Active'),
(2, 'MATH7', 'Mathematics 7', 'Active'),
(3, 'SCI7', 'Science 7', 'Active'),
(4, 'FIL7', 'Filipino 7', 'Active'),
(5, 'AP7', 'Araling Panlipunan 7', 'Active'),
(6, 'MAPEH7', 'MAPEH 7', 'Active'),
(7, 'ESP7', 'Edukasyon sa Pagpapakatao 7', 'Active'),
(8, 'TLE7', 'Technology and Livelihood Education 7', 'Active'),
(9, 'ENG8', 'English 8', 'Active'),
(10, 'MATH8', 'Mathematics 8', 'Active'),
(11, 'SCI8', 'Science 8', 'Active'),
(12, 'FIL8', 'Filipino 8', 'Active'),
(13, 'AP8', 'Araling Panlipunan 8', 'Active'),
(14, 'MAPEH8', 'MAPEH 8', 'Active'),
(15, 'ESP8', 'Edukasyon sa Pagpapakatao 8', 'Active'),
(16, 'TLE8', 'Technology and Livelihood Education 8', 'Active'),
(17, 'ENG9', 'English 9', 'Active'),
(18, 'MATH9', 'Mathematics 9', 'Active'),
(19, 'SCI9', 'Science 9', 'Active'),
(20, 'FIL9', 'Filipino 9', 'Active'),
(21, 'AP9', 'Araling Panlipunan 9', 'Active'),
(22, 'MAPEH9', 'MAPEH 9', 'Active'),
(23, 'ESP9', 'Edukasyon sa Pagpapakatao 9', 'Active'),
(24, 'TLE9', 'Technology and Livelihood Education 9', 'Active'),
(25, 'ENG10', 'English 10', 'Active'),
(26, 'MATH10', 'Mathematics 10', 'Active'),
(27, 'SCI10', 'Science 10', 'Active'),
(28, 'FIL10', 'Filipino 10', 'Active'),
(29, 'AP10', 'Araling Panlipunan 10', 'Active'),
(30, 'MAPEH10', 'MAPEH 10', 'Active'),
(31, 'ESP10', 'Edukasyon sa Pagpapakatao 10', 'Active'),
(32, 'TLE10', 'Technology and Livelihood Education 10', 'Active');

-- -----------------------------------------------------
-- SectionCourses (8 sections x 8 courses = 64 total)
-- -----------------------------------------------------
INSERT INTO SectionCourses (SectionCourse_ID, FK_Section_ID, FK_Course_ID) VALUES
(1, 1, 1),
(2, 1, 2),
(3, 1, 3),
(4, 1, 4),
(5, 1, 5),
(6, 1, 6),
(7, 1, 7),
(8, 1, 8),
(9, 2, 1),
(10, 2, 2),
(11, 2, 3),
(12, 2, 4),
(13, 2, 5),
(14, 2, 6),
(15, 2, 7),
(16, 2, 8),
(17, 3, 9),
(18, 3, 10),
(19, 3, 11),
(20, 3, 12),
(21, 3, 13),
(22, 3, 14),
(23, 3, 15),
(24, 3, 16),
(25, 4, 9),
(26, 4, 10),
(27, 4, 11),
(28, 4, 12),
(29, 4, 13),
(30, 4, 14),
(31, 4, 15),
(32, 4, 16),
(33, 5, 17),
(34, 5, 18),
(35, 5, 19),
(36, 5, 20),
(37, 5, 21),
(38, 5, 22),
(39, 5, 23),
(40, 5, 24),
(41, 6, 17),
(42, 6, 18),
(43, 6, 19),
(44, 6, 20),
(45, 6, 21),
(46, 6, 22),
(47, 6, 23),
(48, 6, 24),
(49, 7, 25),
(50, 7, 26),
(51, 7, 27),
(52, 7, 28),
(53, 7, 29),
(54, 7, 30),
(55, 7, 31),
(56, 7, 32),
(57, 8, 25),
(58, 8, 26),
(59, 8, 27),
(60, 8, 28),
(61, 8, 29),
(62, 8, 30),
(63, 8, 31),
(64, 8, 32);

-- -----------------------------------------------------
-- CourseModule (1 per course = 32 total)
-- -----------------------------------------------------
INSERT INTO CourseModule (CourseModule_ID, ModuleName, ModuleSequence, FK_Course_ID) VALUES
(1, 'English 7 - Module 1', 1, 1),
(2, 'Mathematics 7 - Module 1', 1, 2),
(3, 'Science 7 - Module 1', 1, 3),
(4, 'Filipino 7 - Module 1', 1, 4),
(5, 'Araling Panlipunan 7 - Module 1', 1, 5),
(6, 'MAPEH 7 - Module 1', 1, 6),
(7, 'Edukasyon sa Pagpapakatao 7 - Module 1', 1, 7),
(8, 'Technology and Livelihood Education 7 - Module 1', 1, 8),
(9, 'English 8 - Module 1', 1, 9),
(10, 'Mathematics 8 - Module 1', 1, 10),
(11, 'Science 8 - Module 1', 1, 11),
(12, 'Filipino 8 - Module 1', 1, 12),
(13, 'Araling Panlipunan 8 - Module 1', 1, 13),
(14, 'MAPEH 8 - Module 1', 1, 14),
(15, 'Edukasyon sa Pagpapakatao 8 - Module 1', 1, 15),
(16, 'Technology and Livelihood Education 8 - Module 1', 1, 16),
(17, 'English 9 - Module 1', 1, 17),
(18, 'Mathematics 9 - Module 1', 1, 18),
(19, 'Science 9 - Module 1', 1, 19),
(20, 'Filipino 9 - Module 1', 1, 20),
(21, 'Araling Panlipunan 9 - Module 1', 1, 21),
(22, 'MAPEH 9 - Module 1', 1, 22),
(23, 'Edukasyon sa Pagpapakatao 9 - Module 1', 1, 23),
(24, 'Technology and Livelihood Education 9 - Module 1', 1, 24),
(25, 'English 10 - Module 1', 1, 25),
(26, 'Mathematics 10 - Module 1', 1, 26),
(27, 'Science 10 - Module 1', 1, 27),
(28, 'Filipino 10 - Module 1', 1, 28),
(29, 'Araling Panlipunan 10 - Module 1', 1, 29),
(30, 'MAPEH 10 - Module 1', 1, 30),
(31, 'Edukasyon sa Pagpapakatao 10 - Module 1', 1, 31),
(32, 'Technology and Livelihood Education 10 - Module 1', 1, 32);

-- -----------------------------------------------------
-- Users (1 admin, 32 professors, 160 students = 193 total)
-- -----------------------------------------------------
INSERT INTO Users (
  User_ID, LastName, FirstName, Email, ContactNum, Gender,
  PasswordHash, DateCreated, Status, FK_Role_ID, FK_Section_ID
) VALUES
(1, 'Santos', 'Antonio', 'admin.test@lms.edu', '09170000001', 'Male', 'AdminPassword123', NOW(), 'Active', 1, NULL),
(2, 'Mendoza', 'Adrian', 'adrian.mendoza@lms.edu', '09171000002', 'Male', 'ProfessorPassword123', NOW(), 'Active', 2, NULL),
(3, 'Torres', 'Bianca', 'bianca.torres@lms.edu', '09171000003', 'Female', 'ProfessorPassword123', NOW(), 'Active', 2, NULL),
(4, 'Marquez', 'Antonio', 'antonio.marquez@lms.edu', '09171000004', 'Male', 'ProfessorPassword123', NOW(), 'Active', 2, NULL),
(5, 'Reyes', 'Trisha', 'trisha.reyes@lms.edu', '09171000005', 'Female', 'ProfessorPassword123', NOW(), 'Active', 2, NULL),
(6, 'Domingo', 'Nathaniel', 'nathaniel.domingo@lms.edu', '09171000006', 'Male', 'ProfessorPassword123', NOW(), 'Active', 2, NULL),
(7, 'Santos', 'Ana', 'ana.santos@lms.edu', '09171000007', 'Female', 'ProfessorPassword123', NOW(), 'Active', 2, NULL),
(8, 'Ramos', 'Miguel', 'miguel.ramos@lms.edu', '09171000008', 'Male', 'ProfessorPassword123', NOW(), 'Active', 2, NULL),
(9, 'Salazar', 'Bianca', 'bianca.salazar@lms.edu', '09171000009', 'Female', 'ProfessorPassword123', NOW(), 'Active', 2, NULL),
(10, 'Santos', 'Ramon', 'ramon.santos@lms.edu', '09171000010', 'Male', 'ProfessorPassword123', NOW(), 'Active', 2, NULL),
(11, 'Ramos', 'Trisha', 'trisha.ramos@lms.edu', '09171000011', 'Female', 'ProfessorPassword123', NOW(), 'Active', 2, NULL),
(12, 'Domingo', 'Ethan', 'ethan.domingo@lms.edu', '09171000012', 'Male', 'ProfessorPassword123', NOW(), 'Active', 2, NULL),
(13, 'Pascual', 'Bianca', 'bianca.pascual@lms.edu', '09171000013', 'Female', 'ProfessorPassword123', NOW(), 'Active', 2, NULL),
(14, 'Castillo', 'Nathaniel', 'nathaniel.castillo@lms.edu', '09171000014', 'Male', 'ProfessorPassword123', NOW(), 'Active', 2, NULL),
(15, 'Velasco', 'Maria', 'maria.velasco@lms.edu', '09171000015', 'Female', 'ProfessorPassword123', NOW(), 'Active', 2, NULL),
(16, 'Ocampo', 'Gabriel', 'gabriel.ocampo@lms.edu', '09171000016', 'Male', 'ProfessorPassword123', NOW(), 'Active', 2, NULL),
(17, 'Aquino', 'Kim', 'kim.aquino@lms.edu', '09171000017', 'Female', 'ProfessorPassword123', NOW(), 'Active', 2, NULL),
(18, 'Torres', 'Adrian', 'adrian.torres@lms.edu', '09171000018', 'Male', 'ProfessorPassword123', NOW(), 'Active', 2, NULL),
(19, 'Velasco', 'Camille', 'camille.velasco@lms.edu', '09171000019', 'Female', 'ProfessorPassword123', NOW(), 'Active', 2, NULL),
(20, 'Garcia', 'Luis', 'luis.garcia@lms.edu', '09171000020', 'Male', 'ProfessorPassword123', NOW(), 'Active', 2, NULL),
(21, 'Gonzales', 'Carmela', 'carmela.gonzales@lms.edu', '09171000021', 'Female', 'ProfessorPassword123', NOW(), 'Active', 2, NULL),
(22, 'Villanueva', 'Antonio', 'antonio.villanueva@lms.edu', '09171000022', 'Male', 'ProfessorPassword123', NOW(), 'Active', 2, NULL),
(23, 'Deleon', 'Grace', 'grace.deleon@lms.edu', '09171000023', 'Female', 'ProfessorPassword123', NOW(), 'Active', 2, NULL),
(24, 'Lim', 'Adrian', 'adrian.lim@lms.edu', '09171000024', 'Male', 'ProfessorPassword123', NOW(), 'Active', 2, NULL),
(25, 'Tolentino', 'Ana', 'ana.tolentino@lms.edu', '09171000025', 'Female', 'ProfessorPassword123', NOW(), 'Active', 2, NULL),
(26, 'Rivera', 'Joshua', 'joshua.rivera@lms.edu', '09171000026', 'Male', 'ProfessorPassword123', NOW(), 'Active', 2, NULL),
(27, 'Padilla', 'Isabel', 'isabel.padilla@lms.edu', '09171000027', 'Female', 'ProfessorPassword123', NOW(), 'Active', 2, NULL),
(28, 'Reyes', 'Paolo', 'paolo.reyes@lms.edu', '09171000028', 'Male', 'ProfessorPassword123', NOW(), 'Active', 2, NULL),
(29, 'Bautista', 'Trisha', 'trisha.bautista@lms.edu', '09171000029', 'Female', 'ProfessorPassword123', NOW(), 'Active', 2, NULL),
(30, 'Manalo', 'Ramon', 'ramon.manalo@lms.edu', '09171000030', 'Male', 'ProfessorPassword123', NOW(), 'Active', 2, NULL),
(31, 'Fernandez', 'Grace', 'grace.fernandez@lms.edu', '09171000031', 'Female', 'ProfessorPassword123', NOW(), 'Active', 2, NULL),
(32, 'Ocampo', 'Diego', 'diego.ocampo@lms.edu', '09171000032', 'Male', 'ProfessorPassword123', NOW(), 'Active', 2, NULL),
(33, 'Cruz', 'Carmela', 'carmela.cruz@lms.edu', '09171000033', 'Female', 'ProfessorPassword123', NOW(), 'Active', 2, NULL),
(34, 'Velasco', 'Mateo', 'mateo.velasco@lms.edu', '09181000034', 'Male', 'StudentPassword123', NOW(), 'Active', 3, 1),
(35, 'Reyes', 'Angela', 'angela.reyes@lms.edu', '09181000035', 'Female', 'StudentPassword123', NOW(), 'Active', 3, 1),
(36, 'Santiago', 'Mateo', 'mateo.santiago@lms.edu', '09181000036', 'Male', 'StudentPassword123', NOW(), 'Active', 3, 1),
(37, 'Gonzales', 'Isabel', 'isabel.gonzales@lms.edu', '09181000037', 'Female', 'StudentPassword123', NOW(), 'Active', 3, 1),
(38, 'Pascual', 'Adrian', 'adrian.pascual@lms.edu', '09181000038', 'Male', 'StudentPassword123', NOW(), 'Active', 3, 1),
(39, 'Flores', 'Grace', 'grace.flores@lms.edu', '09181000039', 'Female', 'StudentPassword123', NOW(), 'Active', 3, 1),
(40, 'Villanueva', 'Marco', 'marco.villanueva@lms.edu', '09181000040', 'Male', 'StudentPassword123', NOW(), 'Active', 3, 1),
(41, 'Marquez', 'Camille', 'camille.marquez@lms.edu', '09181000041', 'Female', 'StudentPassword123', NOW(), 'Active', 3, 1),
(42, 'Ocampo', 'Adrian', 'adrian.ocampo@lms.edu', '09181000042', 'Male', 'StudentPassword123', NOW(), 'Active', 3, 1),
(43, 'Deleon', 'Carmela', 'carmela.deleon@lms.edu', '09181000043', 'Female', 'StudentPassword123', NOW(), 'Active', 3, 1),
(44, 'Rivera', 'Gabriel', 'gabriel.rivera@lms.edu', '09181000044', 'Male', 'StudentPassword123', NOW(), 'Active', 3, 1),
(45, 'Flores', 'Bianca', 'bianca.flores@lms.edu', '09181000045', 'Female', 'StudentPassword123', NOW(), 'Active', 3, 1),
(46, 'Gonzales', 'Joshua', 'joshua.gonzales@lms.edu', '09181000046', 'Male', 'StudentPassword123', NOW(), 'Active', 3, 1),
(47, 'Padilla', 'Patricia', 'patricia.padilla@lms.edu', '09181000047', 'Female', 'StudentPassword123', NOW(), 'Active', 3, 1),
(48, 'Mendoza', 'Ethan', 'ethan.mendoza@lms.edu', '09181000048', 'Male', 'StudentPassword123', NOW(), 'Active', 3, 1),
(49, 'Tan', 'Diana', 'diana.tan@lms.edu', '09181000049', 'Female', 'StudentPassword123', NOW(), 'Active', 3, 1),
(50, 'Mendoza', 'Jose', 'jose.mendoza@lms.edu', '09181000050', 'Male', 'StudentPassword123', NOW(), 'Active', 3, 1),
(51, 'Lim', 'Ana', 'ana.lim@lms.edu', '09181000051', 'Female', 'StudentPassword123', NOW(), 'Active', 3, 1),
(52, 'Gonzales', 'Luis', 'luis.gonzales@lms.edu', '09181000052', 'Male', 'StudentPassword123', NOW(), 'Active', 3, 1),
(53, 'Reyes', 'Patricia', 'patricia.reyes@lms.edu', '09181000053', 'Female', 'StudentPassword123', NOW(), 'Active', 3, 1),
(54, 'Padilla', 'Diego', 'diego.padilla@lms.edu', '09181000054', 'Male', 'StudentPassword123', NOW(), 'Active', 3, 2),
(55, 'Manalo', 'Erika', 'erika.manalo@lms.edu', '09181000055', 'Female', 'StudentPassword123', NOW(), 'Active', 3, 2),
(56, 'Ramos', 'Luis', 'luis.ramos@lms.edu', '09181000056', 'Male', 'StudentPassword123', NOW(), 'Active', 3, 2),
(57, 'Gonzales', 'Rose', 'rose.gonzales@lms.edu', '09181000057', 'Female', 'StudentPassword123', NOW(), 'Active', 3, 2),
(58, 'Torres', 'Joshua', 'joshua.torres@lms.edu', '09181000058', 'Male', 'StudentPassword123', NOW(), 'Active', 3, 2),
(59, 'Torres', 'Patricia', 'patricia.torres@lms.edu', '09181000059', 'Female', 'StudentPassword123', NOW(), 'Active', 3, 2),
(60, 'Tolentino', 'Mateo', 'mateo.tolentino@lms.edu', '09181000060', 'Male', 'StudentPassword123', NOW(), 'Active', 3, 2),
(61, 'Rivera', 'Trisha', 'trisha.rivera@lms.edu', '09181000061', 'Female', 'StudentPassword123', NOW(), 'Active', 3, 2),
(62, 'Tolentino', 'Adrian', 'adrian.tolentino@lms.edu', '09181000062', 'Male', 'StudentPassword123', NOW(), 'Active', 3, 2),
(63, 'Domingo', 'Erika', 'erika.domingo@lms.edu', '09181000063', 'Female', 'StudentPassword123', NOW(), 'Active', 3, 2),
(64, 'Gonzales', 'Nathaniel', 'nathaniel.gonzales@lms.edu', '09181000064', 'Male', 'StudentPassword123', NOW(), 'Active', 3, 2),
(65, 'Mendoza', 'Grace', 'grace.mendoza@lms.edu', '09181000065', 'Female', 'StudentPassword123', NOW(), 'Active', 3, 2),
(66, 'Salazar', 'Rafael', 'rafael.salazar@lms.edu', '09181000066', 'Male', 'StudentPassword123', NOW(), 'Active', 3, 2),
(67, 'Reyes', 'Rose', 'rose.reyes@lms.edu', '09181000067', 'Female', 'StudentPassword123', NOW(), 'Active', 3, 2),
(68, 'Santiago', 'Jose', 'jose.santiago@lms.edu', '09181000068', 'Male', 'StudentPassword123', NOW(), 'Active', 3, 2),
(69, 'Torres', 'Isabel', 'isabel.torres@lms.edu', '09181000069', 'Female', 'StudentPassword123', NOW(), 'Active', 3, 2),
(70, 'Lim', 'Gabriel', 'gabriel.lim@lms.edu', '09181000070', 'Male', 'StudentPassword123', NOW(), 'Active', 3, 2),
(71, 'Deleon', 'Kim', 'kim.deleon@lms.edu', '09181000071', 'Female', 'StudentPassword123', NOW(), 'Active', 3, 2),
(72, 'Gonzales', 'Miguel', 'miguel.gonzales@lms.edu', '09181000072', 'Male', 'StudentPassword123', NOW(), 'Active', 3, 2),
(73, 'Deleon', 'Joy', 'joy.deleon@lms.edu', '09181000073', 'Female', 'StudentPassword123', NOW(), 'Active', 3, 2),
(74, 'Salazar', 'Joshua', 'joshua.salazar@lms.edu', '09181000074', 'Male', 'StudentPassword123', NOW(), 'Active', 3, 3),
(75, 'Rivera', 'Patricia', 'patricia.rivera@lms.edu', '09181000075', 'Female', 'StudentPassword123', NOW(), 'Active', 3, 3),
(76, 'Marquez', 'Juan', 'juan.marquez@lms.edu', '09181000076', 'Male', 'StudentPassword123', NOW(), 'Active', 3, 3),
(77, 'Marquez', 'Isabel', 'isabel.marquez@lms.edu', '09181000077', 'Female', 'StudentPassword123', NOW(), 'Active', 3, 3),
(78, 'Velasco', 'Ethan', 'ethan.velasco@lms.edu', '09181000078', 'Male', 'StudentPassword123', NOW(), 'Active', 3, 3),
(79, 'Velasco', 'Patricia', 'patricia.velasco@lms.edu', '09181000079', 'Female', 'StudentPassword123', NOW(), 'Active', 3, 3),
(80, 'Garcia', 'Luis', 'luis.garcia2@lms.edu', '09181000080', 'Male', 'StudentPassword123', NOW(), 'Active', 3, 3),
(81, 'Domingo', 'Angela', 'angela.domingo@lms.edu', '09181000081', 'Female', 'StudentPassword123', NOW(), 'Active', 3, 3),
(82, 'Pascual', 'Gabriel', 'gabriel.pascual@lms.edu', '09181000082', 'Male', 'StudentPassword123', NOW(), 'Active', 3, 3),
(83, 'Tolentino', 'Maria', 'maria.tolentino@lms.edu', '09181000083', 'Female', 'StudentPassword123', NOW(), 'Active', 3, 3),
(84, 'Salazar', 'Adrian', 'adrian.salazar@lms.edu', '09181000084', 'Male', 'StudentPassword123', NOW(), 'Active', 3, 3),
(85, 'Salazar', 'Andrea', 'andrea.salazar@lms.edu', '09181000085', 'Female', 'StudentPassword123', NOW(), 'Active', 3, 3),
(86, 'Santiago', 'Antonio', 'antonio.santiago@lms.edu', '09181000086', 'Male', 'StudentPassword123', NOW(), 'Active', 3, 3),
(87, 'Tan', 'Angela', 'angela.tan@lms.edu', '09181000087', 'Female', 'StudentPassword123', NOW(), 'Active', 3, 3),
(88, 'Deleon', 'Vincent', 'vincent.deleon@lms.edu', '09181000088', 'Male', 'StudentPassword123', NOW(), 'Active', 3, 3),
(89, 'Torres', 'Camille', 'camille.torres@lms.edu', '09181000089', 'Female', 'StudentPassword123', NOW(), 'Active', 3, 3),
(90, 'Velasco', 'Marco', 'marco.velasco@lms.edu', '09181000090', 'Male', 'StudentPassword123', NOW(), 'Active', 3, 3),
(91, 'Rivera', 'Andrea', 'andrea.rivera@lms.edu', '09181000091', 'Female', 'StudentPassword123', NOW(), 'Active', 3, 3),
(92, 'Padilla', 'Vincent', 'vincent.padilla@lms.edu', '09181000092', 'Male', 'StudentPassword123', NOW(), 'Active', 3, 3),
(93, 'Deleon', 'Maria', 'maria.deleon@lms.edu', '09181000093', 'Female', 'StudentPassword123', NOW(), 'Active', 3, 3),
(94, 'Navarro', 'Luis', 'luis.navarro@lms.edu', '09181000094', 'Male', 'StudentPassword123', NOW(), 'Active', 3, 4),
(95, 'Garcia', 'Maria', 'maria.garcia@lms.edu', '09181000095', 'Female', 'StudentPassword123', NOW(), 'Active', 3, 4),
(96, 'Manalo', 'Marco', 'marco.manalo@lms.edu', '09181000096', 'Male', 'StudentPassword123', NOW(), 'Active', 3, 4),
(97, 'Mendoza', 'Angela', 'angela.mendoza@lms.edu', '09181000097', 'Female', 'StudentPassword123', NOW(), 'Active', 3, 4),
(98, 'Mendoza', 'Jose', 'jose.mendoza2@lms.edu', '09181000098', 'Male', 'StudentPassword123', NOW(), 'Active', 3, 4),
(99, 'Reyes', 'Erika', 'erika.reyes@lms.edu', '09181000099', 'Female', 'StudentPassword123', NOW(), 'Active', 3, 4),
(100, 'Tolentino', 'Miguel', 'miguel.tolentino@lms.edu', '09181000100', 'Male', 'StudentPassword123', NOW(), 'Active', 3, 4),
(101, 'Tan', 'Rose', 'rose.tan@lms.edu', '09181000101', 'Female', 'StudentPassword123', NOW(), 'Active', 3, 4),
(102, 'Velasco', 'Miguel', 'miguel.velasco@lms.edu', '09181000102', 'Male', 'StudentPassword123', NOW(), 'Active', 3, 4),
(103, 'Velasco', 'Trisha', 'trisha.velasco@lms.edu', '09181000103', 'Female', 'StudentPassword123', NOW(), 'Active', 3, 4),
(104, 'Torres', 'Rafael', 'rafael.torres@lms.edu', '09181000104', 'Male', 'StudentPassword123', NOW(), 'Active', 3, 4),
(105, 'Rivera', 'Rose', 'rose.rivera@lms.edu', '09181000105', 'Female', 'StudentPassword123', NOW(), 'Active', 3, 4),
(106, 'Castillo', 'Gabriel', 'gabriel.castillo@lms.edu', '09181000106', 'Male', 'StudentPassword123', NOW(), 'Active', 3, 4),
(107, 'Santiago', 'Janine', 'janine.santiago@lms.edu', '09181000107', 'Female', 'StudentPassword123', NOW(), 'Active', 3, 4),
(108, 'Domingo', 'Ramon', 'ramon.domingo@lms.edu', '09181000108', 'Male', 'StudentPassword123', NOW(), 'Active', 3, 4),
(109, 'Padilla', 'Camille', 'camille.padilla@lms.edu', '09181000109', 'Female', 'StudentPassword123', NOW(), 'Active', 3, 4),
(110, 'Velasco', 'Ethan', 'ethan.velasco2@lms.edu', '09181000110', 'Male', 'StudentPassword123', NOW(), 'Active', 3, 4),
(111, 'Ocampo', 'Camille', 'camille.ocampo@lms.edu', '09181000111', 'Female', 'StudentPassword123', NOW(), 'Active', 3, 4),
(112, 'Gonzales', 'Carlo', 'carlo.gonzales@lms.edu', '09181000112', 'Male', 'StudentPassword123', NOW(), 'Active', 3, 4),
(113, 'Pascual', 'Grace', 'grace.pascual@lms.edu', '09181000113', 'Female', 'StudentPassword123', NOW(), 'Active', 3, 4),
(114, 'Pascual', 'Vincent', 'vincent.pascual@lms.edu', '09181000114', 'Male', 'StudentPassword123', NOW(), 'Active', 3, 5),
(115, 'Mendoza', 'Isabel', 'isabel.mendoza@lms.edu', '09181000115', 'Female', 'StudentPassword123', NOW(), 'Active', 3, 5),
(116, 'Reyes', 'Mateo', 'mateo.reyes@lms.edu', '09181000116', 'Male', 'StudentPassword123', NOW(), 'Active', 3, 5),
(117, 'Santos', 'Diana', 'diana.santos@lms.edu', '09181000117', 'Female', 'StudentPassword123', NOW(), 'Active', 3, 5),
(118, 'Rivera', 'Nathaniel', 'nathaniel.rivera@lms.edu', '09181000118', 'Male', 'StudentPassword123', NOW(), 'Active', 3, 5),
(119, 'Fernandez', 'Bianca', 'bianca.fernandez@lms.edu', '09181000119', 'Female', 'StudentPassword123', NOW(), 'Active', 3, 5),
(120, 'Santos', 'Mateo', 'mateo.santos@lms.edu', '09181000120', 'Male', 'StudentPassword123', NOW(), 'Active', 3, 5),
(121, 'Ocampo', 'Carmela', 'carmela.ocampo@lms.edu', '09181000121', 'Female', 'StudentPassword123', NOW(), 'Active', 3, 5),
(122, 'Mendoza', 'Jose', 'jose.mendoza3@lms.edu', '09181000122', 'Male', 'StudentPassword123', NOW(), 'Active', 3, 5),
(123, 'Manalo', 'Carmela', 'carmela.manalo@lms.edu', '09181000123', 'Female', 'StudentPassword123', NOW(), 'Active', 3, 5),
(124, 'Santiago', 'Jose', 'jose.santiago2@lms.edu', '09181000124', 'Male', 'StudentPassword123', NOW(), 'Active', 3, 5),
(125, 'Reyes', 'Diana', 'diana.reyes@lms.edu', '09181000125', 'Female', 'StudentPassword123', NOW(), 'Active', 3, 5),
(126, 'Mendoza', 'Vincent', 'vincent.mendoza@lms.edu', '09181000126', 'Male', 'StudentPassword123', NOW(), 'Active', 3, 5),
(127, 'Marquez', 'Patricia', 'patricia.marquez@lms.edu', '09181000127', 'Female', 'StudentPassword123', NOW(), 'Active', 3, 5),
(128, 'Ramos', 'Daniel', 'daniel.ramos@lms.edu', '09181000128', 'Male', 'StudentPassword123', NOW(), 'Active', 3, 5),
(129, 'Torres', 'Trisha', 'trisha.torres@lms.edu', '09181000129', 'Female', 'StudentPassword123', NOW(), 'Active', 3, 5),
(130, 'Fernandez', 'Nathaniel', 'nathaniel.fernandez@lms.edu', '09181000130', 'Male', 'StudentPassword123', NOW(), 'Active', 3, 5),
(131, 'Mendoza', 'Rose', 'rose.mendoza@lms.edu', '09181000131', 'Female', 'StudentPassword123', NOW(), 'Active', 3, 5),
(132, 'Lim', 'Daniel', 'daniel.lim@lms.edu', '09181000132', 'Male', 'StudentPassword123', NOW(), 'Active', 3, 5),
(133, 'Ramos', 'Kim', 'kim.ramos@lms.edu', '09181000133', 'Female', 'StudentPassword123', NOW(), 'Active', 3, 5),
(134, 'Garcia', 'Antonio', 'antonio.garcia@lms.edu', '09181000134', 'Male', 'StudentPassword123', NOW(), 'Active', 3, 6),
(135, 'Villanueva', 'Kim', 'kim.villanueva@lms.edu', '09181000135', 'Female', 'StudentPassword123', NOW(), 'Active', 3, 6),
(136, 'Domingo', 'Renz', 'renz.domingo@lms.edu', '09181000136', 'Male', 'StudentPassword123', NOW(), 'Active', 3, 6),
(137, 'Santiago', 'Nicole', 'nicole.santiago@lms.edu', '09181000137', 'Female', 'StudentPassword123', NOW(), 'Active', 3, 6),
(138, 'Marquez', 'Jose', 'jose.marquez@lms.edu', '09181000138', 'Male', 'StudentPassword123', NOW(), 'Active', 3, 6),
(139, 'Cruz', 'Isabel', 'isabel.cruz@lms.edu', '09181000139', 'Female', 'StudentPassword123', NOW(), 'Active', 3, 6),
(140, 'Tolentino', 'Paolo', 'paolo.tolentino@lms.edu', '09181000140', 'Male', 'StudentPassword123', NOW(), 'Active', 3, 6),
(141, 'Lim', 'Diana', 'diana.lim@lms.edu', '09181000141', 'Female', 'StudentPassword123', NOW(), 'Active', 3, 6),
(142, 'Mendoza', 'Antonio', 'antonio.mendoza@lms.edu', '09181000142', 'Male', 'StudentPassword123', NOW(), 'Active', 3, 6),
(143, 'Ramos', 'Camille', 'camille.ramos@lms.edu', '09181000143', 'Female', 'StudentPassword123', NOW(), 'Active', 3, 6),
(144, 'Pascual', 'Ethan', 'ethan.pascual@lms.edu', '09181000144', 'Male', 'StudentPassword123', NOW(), 'Active', 3, 6),
(145, 'Domingo', 'Sofia', 'sofia.domingo@lms.edu', '09181000145', 'Female', 'StudentPassword123', NOW(), 'Active', 3, 6),
(146, 'Castillo', 'Gabriel', 'gabriel.castillo2@lms.edu', '09181000146', 'Male', 'StudentPassword123', NOW(), 'Active', 3, 6),
(147, 'Mendoza', 'Nicole', 'nicole.mendoza@lms.edu', '09181000147', 'Female', 'StudentPassword123', NOW(), 'Active', 3, 6),
(148, 'Pascual', 'Miguel', 'miguel.pascual@lms.edu', '09181000148', 'Male', 'StudentPassword123', NOW(), 'Active', 3, 6),
(149, 'Garcia', 'Trisha', 'trisha.garcia@lms.edu', '09181000149', 'Female', 'StudentPassword123', NOW(), 'Active', 3, 6),
(150, 'Aguilar', 'Jose', 'jose.aguilar@lms.edu', '09181000150', 'Male', 'StudentPassword123', NOW(), 'Active', 3, 6),
(151, 'Tan', 'Trisha', 'trisha.tan@lms.edu', '09181000151', 'Female', 'StudentPassword123', NOW(), 'Active', 3, 6),
(152, 'Reyes', 'Juan', 'juan.reyes@lms.edu', '09181000152', 'Male', 'StudentPassword123', NOW(), 'Active', 3, 6),
(153, 'Flores', 'Bianca', 'bianca.flores2@lms.edu', '09181000153', 'Female', 'StudentPassword123', NOW(), 'Active', 3, 6),
(154, 'Navarro', 'Renz', 'renz.navarro@lms.edu', '09181000154', 'Male', 'StudentPassword123', NOW(), 'Active', 3, 7),
(155, 'Ramos', 'Rose', 'rose.ramos@lms.edu', '09181000155', 'Female', 'StudentPassword123', NOW(), 'Active', 3, 7),
(156, 'Manalo', 'Paolo', 'paolo.manalo@lms.edu', '09181000156', 'Male', 'StudentPassword123', NOW(), 'Active', 3, 7),
(157, 'Flores', 'Ana', 'ana.flores@lms.edu', '09181000157', 'Female', 'StudentPassword123', NOW(), 'Active', 3, 7),
(158, 'Santos', 'Paolo', 'paolo.santos@lms.edu', '09181000158', 'Male', 'StudentPassword123', NOW(), 'Active', 3, 7),
(159, 'Castillo', 'Joy', 'joy.castillo@lms.edu', '09181000159', 'Female', 'StudentPassword123', NOW(), 'Active', 3, 7),
(160, 'Bautista', 'Joshua', 'joshua.bautista@lms.edu', '09181000160', 'Male', 'StudentPassword123', NOW(), 'Active', 3, 7),
(161, 'Ocampo', 'Kim', 'kim.ocampo@lms.edu', '09181000161', 'Female', 'StudentPassword123', NOW(), 'Active', 3, 7),
(162, 'Marquez', 'Ethan', 'ethan.marquez@lms.edu', '09181000162', 'Male', 'StudentPassword123', NOW(), 'Active', 3, 7),
(163, 'Torres', 'Rose', 'rose.torres@lms.edu', '09181000163', 'Female', 'StudentPassword123', NOW(), 'Active', 3, 7),
(164, 'Bautista', 'Diego', 'diego.bautista@lms.edu', '09181000164', 'Male', 'StudentPassword123', NOW(), 'Active', 3, 7),
(165, 'Cruz', 'Camille', 'camille.cruz@lms.edu', '09181000165', 'Female', 'StudentPassword123', NOW(), 'Active', 3, 7),
(166, 'Tolentino', 'Nathaniel', 'nathaniel.tolentino@lms.edu', '09181000166', 'Male', 'StudentPassword123', NOW(), 'Active', 3, 7),
(167, 'Cruz', 'Trisha', 'trisha.cruz@lms.edu', '09181000167', 'Female', 'StudentPassword123', NOW(), 'Active', 3, 7),
(168, 'Cruz', 'Luis', 'luis.cruz@lms.edu', '09181000168', 'Male', 'StudentPassword123', NOW(), 'Active', 3, 7),
(169, 'Fernandez', 'Ana', 'ana.fernandez@lms.edu', '09181000169', 'Female', 'StudentPassword123', NOW(), 'Active', 3, 7),
(170, 'Salazar', 'Daniel', 'daniel.salazar@lms.edu', '09181000170', 'Male', 'StudentPassword123', NOW(), 'Active', 3, 7),
(171, 'Flores', 'Janine', 'janine.flores@lms.edu', '09181000171', 'Female', 'StudentPassword123', NOW(), 'Active', 3, 7),
(172, 'Salazar', 'Jose', 'jose.salazar@lms.edu', '09181000172', 'Male', 'StudentPassword123', NOW(), 'Active', 3, 7),
(173, 'Santiago', 'Carmela', 'carmela.santiago@lms.edu', '09181000173', 'Female', 'StudentPassword123', NOW(), 'Active', 3, 7),
(174, 'Reyes', 'Gabriel', 'gabriel.reyes@lms.edu', '09181000174', 'Male', 'StudentPassword123', NOW(), 'Active', 3, 8),
(175, 'Reyes', 'Faith', 'faith.reyes@lms.edu', '09181000175', 'Female', 'StudentPassword123', NOW(), 'Active', 3, 8),
(176, 'Gonzales', 'Mateo', 'mateo.gonzales@lms.edu', '09181000176', 'Male', 'StudentPassword123', NOW(), 'Active', 3, 8),
(177, 'Manalo', 'Isabel', 'isabel.manalo@lms.edu', '09181000177', 'Female', 'StudentPassword123', NOW(), 'Active', 3, 8),
(178, 'Mendoza', 'Nathaniel', 'nathaniel.mendoza@lms.edu', '09181000178', 'Male', 'StudentPassword123', NOW(), 'Active', 3, 8),
(179, 'Deleon', 'Erika', 'erika.deleon@lms.edu', '09181000179', 'Female', 'StudentPassword123', NOW(), 'Active', 3, 8),
(180, 'Deleon', 'Jose', 'jose.deleon@lms.edu', '09181000180', 'Male', 'StudentPassword123', NOW(), 'Active', 3, 8),
(181, 'Domingo', 'Carmela', 'carmela.domingo@lms.edu', '09181000181', 'Female', 'StudentPassword123', NOW(), 'Active', 3, 8),
(182, 'Fernandez', 'Nathaniel', 'nathaniel.fernandez2@lms.edu', '09181000182', 'Male', 'StudentPassword123', NOW(), 'Active', 3, 8),
(183, 'Aquino', 'Janine', 'janine.aquino@lms.edu', '09181000183', 'Female', 'StudentPassword123', NOW(), 'Active', 3, 8),
(184, 'Ramos', 'Adrian', 'adrian.ramos@lms.edu', '09181000184', 'Male', 'StudentPassword123', NOW(), 'Active', 3, 8),
(185, 'Mendoza', 'Diana', 'diana.mendoza@lms.edu', '09181000185', 'Female', 'StudentPassword123', NOW(), 'Active', 3, 8),
(186, 'Gonzales', 'Adrian', 'adrian.gonzales@lms.edu', '09181000186', 'Male', 'StudentPassword123', NOW(), 'Active', 3, 8),
(187, 'Marquez', 'Sofia', 'sofia.marquez@lms.edu', '09181000187', 'Female', 'StudentPassword123', NOW(), 'Active', 3, 8),
(188, 'Pascual', 'Carlo', 'carlo.pascual@lms.edu', '09181000188', 'Male', 'StudentPassword123', NOW(), 'Active', 3, 8),
(189, 'Padilla', 'Diana', 'diana.padilla@lms.edu', '09181000189', 'Female', 'StudentPassword123', NOW(), 'Active', 3, 8),
(190, 'Santos', 'Miguel', 'miguel.santos@lms.edu', '09181000190', 'Male', 'StudentPassword123', NOW(), 'Active', 3, 8),
(191, 'Deleon', 'Nicole', 'nicole.deleon@lms.edu', '09181000191', 'Female', 'StudentPassword123', NOW(), 'Active', 3, 8),
(192, 'Garcia', 'Nathaniel', 'nathaniel.garcia@lms.edu', '09181000192', 'Male', 'StudentPassword123', NOW(), 'Active', 3, 8),
(193, 'Rivera', 'Carmela', 'carmela.rivera@lms.edu', '09181000193', 'Female', 'StudentPassword123', NOW(), 'Active', 3, 8);

-- -----------------------------------------------------
-- CourseInstructors (1 professor per course = 32 total)
-- -----------------------------------------------------
INSERT INTO CourseInstructors (
  CourseInstructors_ID, AssignmentDate, FK_Course_ID, FK_User_ID
) VALUES
(1, '2026-06-01', 1, 2),
(2, '2026-06-01', 2, 3),
(3, '2026-06-01', 3, 4),
(4, '2026-06-01', 4, 5),
(5, '2026-06-01', 5, 6),
(6, '2026-06-01', 6, 7),
(7, '2026-06-01', 7, 8),
(8, '2026-06-01', 8, 9),
(9, '2026-06-01', 9, 10),
(10, '2026-06-01', 10, 11),
(11, '2026-06-01', 11, 12),
(12, '2026-06-01', 12, 13),
(13, '2026-06-01', 13, 14),
(14, '2026-06-01', 14, 15),
(15, '2026-06-01', 15, 16),
(16, '2026-06-01', 16, 17),
(17, '2026-06-01', 17, 18),
(18, '2026-06-01', 18, 19),
(19, '2026-06-01', 19, 20),
(20, '2026-06-01', 20, 21),
(21, '2026-06-01', 21, 22),
(22, '2026-06-01', 22, 23),
(23, '2026-06-01', 23, 24),
(24, '2026-06-01', 24, 25),
(25, '2026-06-01', 25, 26),
(26, '2026-06-01', 26, 27),
(27, '2026-06-01', 27, 28),
(28, '2026-06-01', 28, 29),
(29, '2026-06-01', 29, 30),
(30, '2026-06-01', 30, 31),
(31, '2026-06-01', 31, 32),
(32, '2026-06-01', 32, 33);

-- -----------------------------------------------------
-- Enrollment (160 students x 8 courses each = 1280 total)
-- FK_Term_ID = 7 -> '1st Semester 2026-2027' per Term migration
-- -----------------------------------------------------
INSERT INTO Enrollment (
  Enrollment_ID, EnrollmentDate, EnrollmentStatus, FK_Term_ID, FK_User_ID, FK_Course_ID
) VALUES
(1, '2026-06-10', 'Enrolled', 7, 34, 1),
(2, '2026-06-10', 'Enrolled', 7, 34, 2),
(3, '2026-06-10', 'Enrolled', 7, 34, 3),
(4, '2026-06-10', 'Enrolled', 7, 34, 4),
(5, '2026-06-10', 'Enrolled', 7, 34, 5),
(6, '2026-06-10', 'Enrolled', 7, 34, 6),
(7, '2026-06-10', 'Enrolled', 7, 34, 7),
(8, '2026-06-10', 'Enrolled', 7, 34, 8),
(9, '2026-06-10', 'Enrolled', 7, 35, 1),
(10, '2026-06-10', 'Enrolled', 7, 35, 2),
(11, '2026-06-10', 'Enrolled', 7, 35, 3),
(12, '2026-06-10', 'Enrolled', 7, 35, 4),
(13, '2026-06-10', 'Enrolled', 7, 35, 5),
(14, '2026-06-10', 'Enrolled', 7, 35, 6),
(15, '2026-06-10', 'Enrolled', 7, 35, 7),
(16, '2026-06-10', 'Enrolled', 7, 35, 8),
(17, '2026-06-10', 'Enrolled', 7, 36, 1),
(18, '2026-06-10', 'Enrolled', 7, 36, 2),
(19, '2026-06-10', 'Enrolled', 7, 36, 3),
(20, '2026-06-10', 'Enrolled', 7, 36, 4),
(21, '2026-06-10', 'Enrolled', 7, 36, 5),
(22, '2026-06-10', 'Enrolled', 7, 36, 6),
(23, '2026-06-10', 'Enrolled', 7, 36, 7),
(24, '2026-06-10', 'Enrolled', 7, 36, 8),
(25, '2026-06-10', 'Enrolled', 7, 37, 1),
(26, '2026-06-10', 'Enrolled', 7, 37, 2),
(27, '2026-06-10', 'Enrolled', 7, 37, 3),
(28, '2026-06-10', 'Enrolled', 7, 37, 4),
(29, '2026-06-10', 'Enrolled', 7, 37, 5),
(30, '2026-06-10', 'Enrolled', 7, 37, 6),
(31, '2026-06-10', 'Enrolled', 7, 37, 7),
(32, '2026-06-10', 'Enrolled', 7, 37, 8),
(33, '2026-06-10', 'Enrolled', 7, 38, 1),
(34, '2026-06-10', 'Enrolled', 7, 38, 2),
(35, '2026-06-10', 'Enrolled', 7, 38, 3),
(36, '2026-06-10', 'Enrolled', 7, 38, 4),
(37, '2026-06-10', 'Enrolled', 7, 38, 5),
(38, '2026-06-10', 'Enrolled', 7, 38, 6),
(39, '2026-06-10', 'Enrolled', 7, 38, 7),
(40, '2026-06-10', 'Enrolled', 7, 38, 8),
(41, '2026-06-10', 'Enrolled', 7, 39, 1),
(42, '2026-06-10', 'Enrolled', 7, 39, 2),
(43, '2026-06-10', 'Enrolled', 7, 39, 3),
(44, '2026-06-10', 'Enrolled', 7, 39, 4),
(45, '2026-06-10', 'Enrolled', 7, 39, 5),
(46, '2026-06-10', 'Enrolled', 7, 39, 6),
(47, '2026-06-10', 'Enrolled', 7, 39, 7),
(48, '2026-06-10', 'Enrolled', 7, 39, 8),
(49, '2026-06-10', 'Enrolled', 7, 40, 1),
(50, '2026-06-10', 'Enrolled', 7, 40, 2),
(51, '2026-06-10', 'Enrolled', 7, 40, 3),
(52, '2026-06-10', 'Enrolled', 7, 40, 4),
(53, '2026-06-10', 'Enrolled', 7, 40, 5),
(54, '2026-06-10', 'Enrolled', 7, 40, 6),
(55, '2026-06-10', 'Enrolled', 7, 40, 7),
(56, '2026-06-10', 'Enrolled', 7, 40, 8),
(57, '2026-06-10', 'Enrolled', 7, 41, 1),
(58, '2026-06-10', 'Enrolled', 7, 41, 2),
(59, '2026-06-10', 'Enrolled', 7, 41, 3),
(60, '2026-06-10', 'Enrolled', 7, 41, 4),
(61, '2026-06-10', 'Enrolled', 7, 41, 5),
(62, '2026-06-10', 'Enrolled', 7, 41, 6),
(63, '2026-06-10', 'Enrolled', 7, 41, 7),
(64, '2026-06-10', 'Enrolled', 7, 41, 8),
(65, '2026-06-10', 'Enrolled', 7, 42, 1),
(66, '2026-06-10', 'Enrolled', 7, 42, 2),
(67, '2026-06-10', 'Enrolled', 7, 42, 3),
(68, '2026-06-10', 'Enrolled', 7, 42, 4),
(69, '2026-06-10', 'Enrolled', 7, 42, 5),
(70, '2026-06-10', 'Enrolled', 7, 42, 6),
(71, '2026-06-10', 'Enrolled', 7, 42, 7),
(72, '2026-06-10', 'Enrolled', 7, 42, 8),
(73, '2026-06-10', 'Enrolled', 7, 43, 1),
(74, '2026-06-10', 'Enrolled', 7, 43, 2),
(75, '2026-06-10', 'Enrolled', 7, 43, 3),
(76, '2026-06-10', 'Enrolled', 7, 43, 4),
(77, '2026-06-10', 'Enrolled', 7, 43, 5),
(78, '2026-06-10', 'Enrolled', 7, 43, 6),
(79, '2026-06-10', 'Enrolled', 7, 43, 7),
(80, '2026-06-10', 'Enrolled', 7, 43, 8),
(81, '2026-06-10', 'Enrolled', 7, 44, 1),
(82, '2026-06-10', 'Enrolled', 7, 44, 2),
(83, '2026-06-10', 'Enrolled', 7, 44, 3),
(84, '2026-06-10', 'Enrolled', 7, 44, 4),
(85, '2026-06-10', 'Enrolled', 7, 44, 5),
(86, '2026-06-10', 'Enrolled', 7, 44, 6),
(87, '2026-06-10', 'Enrolled', 7, 44, 7),
(88, '2026-06-10', 'Enrolled', 7, 44, 8),
(89, '2026-06-10', 'Enrolled', 7, 45, 1),
(90, '2026-06-10', 'Enrolled', 7, 45, 2),
(91, '2026-06-10', 'Enrolled', 7, 45, 3),
(92, '2026-06-10', 'Enrolled', 7, 45, 4),
(93, '2026-06-10', 'Enrolled', 7, 45, 5),
(94, '2026-06-10', 'Enrolled', 7, 45, 6),
(95, '2026-06-10', 'Enrolled', 7, 45, 7),
(96, '2026-06-10', 'Enrolled', 7, 45, 8),
(97, '2026-06-10', 'Enrolled', 7, 46, 1),
(98, '2026-06-10', 'Enrolled', 7, 46, 2),
(99, '2026-06-10', 'Enrolled', 7, 46, 3),
(100, '2026-06-10', 'Enrolled', 7, 46, 4),
(101, '2026-06-10', 'Enrolled', 7, 46, 5),
(102, '2026-06-10', 'Enrolled', 7, 46, 6),
(103, '2026-06-10', 'Enrolled', 7, 46, 7),
(104, '2026-06-10', 'Enrolled', 7, 46, 8),
(105, '2026-06-10', 'Enrolled', 7, 47, 1),
(106, '2026-06-10', 'Enrolled', 7, 47, 2),
(107, '2026-06-10', 'Enrolled', 7, 47, 3),
(108, '2026-06-10', 'Enrolled', 7, 47, 4),
(109, '2026-06-10', 'Enrolled', 7, 47, 5),
(110, '2026-06-10', 'Enrolled', 7, 47, 6),
(111, '2026-06-10', 'Enrolled', 7, 47, 7),
(112, '2026-06-10', 'Enrolled', 7, 47, 8),
(113, '2026-06-10', 'Enrolled', 7, 48, 1),
(114, '2026-06-10', 'Enrolled', 7, 48, 2),
(115, '2026-06-10', 'Enrolled', 7, 48, 3),
(116, '2026-06-10', 'Enrolled', 7, 48, 4),
(117, '2026-06-10', 'Enrolled', 7, 48, 5),
(118, '2026-06-10', 'Enrolled', 7, 48, 6),
(119, '2026-06-10', 'Enrolled', 7, 48, 7),
(120, '2026-06-10', 'Enrolled', 7, 48, 8),
(121, '2026-06-10', 'Enrolled', 7, 49, 1),
(122, '2026-06-10', 'Enrolled', 7, 49, 2),
(123, '2026-06-10', 'Enrolled', 7, 49, 3),
(124, '2026-06-10', 'Enrolled', 7, 49, 4),
(125, '2026-06-10', 'Enrolled', 7, 49, 5),
(126, '2026-06-10', 'Enrolled', 7, 49, 6),
(127, '2026-06-10', 'Enrolled', 7, 49, 7),
(128, '2026-06-10', 'Enrolled', 7, 49, 8),
(129, '2026-06-10', 'Enrolled', 7, 50, 1),
(130, '2026-06-10', 'Enrolled', 7, 50, 2),
(131, '2026-06-10', 'Enrolled', 7, 50, 3),
(132, '2026-06-10', 'Enrolled', 7, 50, 4),
(133, '2026-06-10', 'Enrolled', 7, 50, 5),
(134, '2026-06-10', 'Enrolled', 7, 50, 6),
(135, '2026-06-10', 'Enrolled', 7, 50, 7),
(136, '2026-06-10', 'Enrolled', 7, 50, 8),
(137, '2026-06-10', 'Enrolled', 7, 51, 1),
(138, '2026-06-10', 'Enrolled', 7, 51, 2),
(139, '2026-06-10', 'Enrolled', 7, 51, 3),
(140, '2026-06-10', 'Enrolled', 7, 51, 4),
(141, '2026-06-10', 'Enrolled', 7, 51, 5),
(142, '2026-06-10', 'Enrolled', 7, 51, 6),
(143, '2026-06-10', 'Enrolled', 7, 51, 7),
(144, '2026-06-10', 'Enrolled', 7, 51, 8),
(145, '2026-06-10', 'Enrolled', 7, 52, 1),
(146, '2026-06-10', 'Enrolled', 7, 52, 2),
(147, '2026-06-10', 'Enrolled', 7, 52, 3),
(148, '2026-06-10', 'Enrolled', 7, 52, 4),
(149, '2026-06-10', 'Enrolled', 7, 52, 5),
(150, '2026-06-10', 'Enrolled', 7, 52, 6),
(151, '2026-06-10', 'Enrolled', 7, 52, 7),
(152, '2026-06-10', 'Enrolled', 7, 52, 8),
(153, '2026-06-10', 'Enrolled', 7, 53, 1),
(154, '2026-06-10', 'Enrolled', 7, 53, 2),
(155, '2026-06-10', 'Enrolled', 7, 53, 3),
(156, '2026-06-10', 'Enrolled', 7, 53, 4),
(157, '2026-06-10', 'Enrolled', 7, 53, 5),
(158, '2026-06-10', 'Enrolled', 7, 53, 6),
(159, '2026-06-10', 'Enrolled', 7, 53, 7),
(160, '2026-06-10', 'Enrolled', 7, 53, 8),
(161, '2026-06-10', 'Enrolled', 7, 54, 1),
(162, '2026-06-10', 'Enrolled', 7, 54, 2),
(163, '2026-06-10', 'Enrolled', 7, 54, 3),
(164, '2026-06-10', 'Enrolled', 7, 54, 4),
(165, '2026-06-10', 'Enrolled', 7, 54, 5),
(166, '2026-06-10', 'Enrolled', 7, 54, 6),
(167, '2026-06-10', 'Enrolled', 7, 54, 7),
(168, '2026-06-10', 'Enrolled', 7, 54, 8),
(169, '2026-06-10', 'Enrolled', 7, 55, 1),
(170, '2026-06-10', 'Enrolled', 7, 55, 2),
(171, '2026-06-10', 'Enrolled', 7, 55, 3),
(172, '2026-06-10', 'Enrolled', 7, 55, 4),
(173, '2026-06-10', 'Enrolled', 7, 55, 5),
(174, '2026-06-10', 'Enrolled', 7, 55, 6),
(175, '2026-06-10', 'Enrolled', 7, 55, 7),
(176, '2026-06-10', 'Enrolled', 7, 55, 8),
(177, '2026-06-10', 'Enrolled', 7, 56, 1),
(178, '2026-06-10', 'Enrolled', 7, 56, 2),
(179, '2026-06-10', 'Enrolled', 7, 56, 3),
(180, '2026-06-10', 'Enrolled', 7, 56, 4),
(181, '2026-06-10', 'Enrolled', 7, 56, 5),
(182, '2026-06-10', 'Enrolled', 7, 56, 6),
(183, '2026-06-10', 'Enrolled', 7, 56, 7),
(184, '2026-06-10', 'Enrolled', 7, 56, 8),
(185, '2026-06-10', 'Enrolled', 7, 57, 1),
(186, '2026-06-10', 'Enrolled', 7, 57, 2),
(187, '2026-06-10', 'Enrolled', 7, 57, 3),
(188, '2026-06-10', 'Enrolled', 7, 57, 4),
(189, '2026-06-10', 'Enrolled', 7, 57, 5),
(190, '2026-06-10', 'Enrolled', 7, 57, 6),
(191, '2026-06-10', 'Enrolled', 7, 57, 7),
(192, '2026-06-10', 'Enrolled', 7, 57, 8),
(193, '2026-06-10', 'Enrolled', 7, 58, 1),
(194, '2026-06-10', 'Enrolled', 7, 58, 2),
(195, '2026-06-10', 'Enrolled', 7, 58, 3),
(196, '2026-06-10', 'Enrolled', 7, 58, 4),
(197, '2026-06-10', 'Enrolled', 7, 58, 5),
(198, '2026-06-10', 'Enrolled', 7, 58, 6),
(199, '2026-06-10', 'Enrolled', 7, 58, 7),
(200, '2026-06-10', 'Enrolled', 7, 58, 8);

INSERT INTO Enrollment (
  Enrollment_ID, EnrollmentDate, EnrollmentStatus, FK_Term_ID, FK_User_ID, FK_Course_ID
) VALUES
(201, '2026-06-10', 'Enrolled', 7, 59, 1),
(202, '2026-06-10', 'Enrolled', 7, 59, 2),
(203, '2026-06-10', 'Enrolled', 7, 59, 3),
(204, '2026-06-10', 'Enrolled', 7, 59, 4),
(205, '2026-06-10', 'Enrolled', 7, 59, 5),
(206, '2026-06-10', 'Enrolled', 7, 59, 6),
(207, '2026-06-10', 'Enrolled', 7, 59, 7),
(208, '2026-06-10', 'Enrolled', 7, 59, 8),
(209, '2026-06-10', 'Enrolled', 7, 60, 1),
(210, '2026-06-10', 'Enrolled', 7, 60, 2),
(211, '2026-06-10', 'Enrolled', 7, 60, 3),
(212, '2026-06-10', 'Enrolled', 7, 60, 4),
(213, '2026-06-10', 'Enrolled', 7, 60, 5),
(214, '2026-06-10', 'Enrolled', 7, 60, 6),
(215, '2026-06-10', 'Enrolled', 7, 60, 7),
(216, '2026-06-10', 'Enrolled', 7, 60, 8),
(217, '2026-06-10', 'Enrolled', 7, 61, 1),
(218, '2026-06-10', 'Enrolled', 7, 61, 2),
(219, '2026-06-10', 'Enrolled', 7, 61, 3),
(220, '2026-06-10', 'Enrolled', 7, 61, 4),
(221, '2026-06-10', 'Enrolled', 7, 61, 5),
(222, '2026-06-10', 'Enrolled', 7, 61, 6),
(223, '2026-06-10', 'Enrolled', 7, 61, 7),
(224, '2026-06-10', 'Enrolled', 7, 61, 8),
(225, '2026-06-10', 'Enrolled', 7, 62, 1),
(226, '2026-06-10', 'Enrolled', 7, 62, 2),
(227, '2026-06-10', 'Enrolled', 7, 62, 3),
(228, '2026-06-10', 'Enrolled', 7, 62, 4),
(229, '2026-06-10', 'Enrolled', 7, 62, 5),
(230, '2026-06-10', 'Enrolled', 7, 62, 6),
(231, '2026-06-10', 'Enrolled', 7, 62, 7),
(232, '2026-06-10', 'Enrolled', 7, 62, 8),
(233, '2026-06-10', 'Enrolled', 7, 63, 1),
(234, '2026-06-10', 'Enrolled', 7, 63, 2),
(235, '2026-06-10', 'Enrolled', 7, 63, 3),
(236, '2026-06-10', 'Enrolled', 7, 63, 4),
(237, '2026-06-10', 'Enrolled', 7, 63, 5),
(238, '2026-06-10', 'Enrolled', 7, 63, 6),
(239, '2026-06-10', 'Enrolled', 7, 63, 7),
(240, '2026-06-10', 'Enrolled', 7, 63, 8),
(241, '2026-06-10', 'Enrolled', 7, 64, 1),
(242, '2026-06-10', 'Enrolled', 7, 64, 2),
(243, '2026-06-10', 'Enrolled', 7, 64, 3),
(244, '2026-06-10', 'Enrolled', 7, 64, 4),
(245, '2026-06-10', 'Enrolled', 7, 64, 5),
(246, '2026-06-10', 'Enrolled', 7, 64, 6),
(247, '2026-06-10', 'Enrolled', 7, 64, 7),
(248, '2026-06-10', 'Enrolled', 7, 64, 8),
(249, '2026-06-10', 'Enrolled', 7, 65, 1),
(250, '2026-06-10', 'Enrolled', 7, 65, 2),
(251, '2026-06-10', 'Enrolled', 7, 65, 3),
(252, '2026-06-10', 'Enrolled', 7, 65, 4),
(253, '2026-06-10', 'Enrolled', 7, 65, 5),
(254, '2026-06-10', 'Enrolled', 7, 65, 6),
(255, '2026-06-10', 'Enrolled', 7, 65, 7),
(256, '2026-06-10', 'Enrolled', 7, 65, 8),
(257, '2026-06-10', 'Enrolled', 7, 66, 1),
(258, '2026-06-10', 'Enrolled', 7, 66, 2),
(259, '2026-06-10', 'Enrolled', 7, 66, 3),
(260, '2026-06-10', 'Enrolled', 7, 66, 4),
(261, '2026-06-10', 'Enrolled', 7, 66, 5),
(262, '2026-06-10', 'Enrolled', 7, 66, 6),
(263, '2026-06-10', 'Enrolled', 7, 66, 7),
(264, '2026-06-10', 'Enrolled', 7, 66, 8),
(265, '2026-06-10', 'Enrolled', 7, 67, 1),
(266, '2026-06-10', 'Enrolled', 7, 67, 2),
(267, '2026-06-10', 'Enrolled', 7, 67, 3),
(268, '2026-06-10', 'Enrolled', 7, 67, 4),
(269, '2026-06-10', 'Enrolled', 7, 67, 5),
(270, '2026-06-10', 'Enrolled', 7, 67, 6),
(271, '2026-06-10', 'Enrolled', 7, 67, 7),
(272, '2026-06-10', 'Enrolled', 7, 67, 8),
(273, '2026-06-10', 'Enrolled', 7, 68, 1),
(274, '2026-06-10', 'Enrolled', 7, 68, 2),
(275, '2026-06-10', 'Enrolled', 7, 68, 3),
(276, '2026-06-10', 'Enrolled', 7, 68, 4),
(277, '2026-06-10', 'Enrolled', 7, 68, 5),
(278, '2026-06-10', 'Enrolled', 7, 68, 6),
(279, '2026-06-10', 'Enrolled', 7, 68, 7),
(280, '2026-06-10', 'Enrolled', 7, 68, 8),
(281, '2026-06-10', 'Enrolled', 7, 69, 1),
(282, '2026-06-10', 'Enrolled', 7, 69, 2),
(283, '2026-06-10', 'Enrolled', 7, 69, 3),
(284, '2026-06-10', 'Enrolled', 7, 69, 4),
(285, '2026-06-10', 'Enrolled', 7, 69, 5),
(286, '2026-06-10', 'Enrolled', 7, 69, 6),
(287, '2026-06-10', 'Enrolled', 7, 69, 7),
(288, '2026-06-10', 'Enrolled', 7, 69, 8),
(289, '2026-06-10', 'Enrolled', 7, 70, 1),
(290, '2026-06-10', 'Enrolled', 7, 70, 2),
(291, '2026-06-10', 'Enrolled', 7, 70, 3),
(292, '2026-06-10', 'Enrolled', 7, 70, 4),
(293, '2026-06-10', 'Enrolled', 7, 70, 5),
(294, '2026-06-10', 'Enrolled', 7, 70, 6),
(295, '2026-06-10', 'Enrolled', 7, 70, 7),
(296, '2026-06-10', 'Enrolled', 7, 70, 8),
(297, '2026-06-10', 'Enrolled', 7, 71, 1),
(298, '2026-06-10', 'Enrolled', 7, 71, 2),
(299, '2026-06-10', 'Enrolled', 7, 71, 3),
(300, '2026-06-10', 'Enrolled', 7, 71, 4),
(301, '2026-06-10', 'Enrolled', 7, 71, 5),
(302, '2026-06-10', 'Enrolled', 7, 71, 6),
(303, '2026-06-10', 'Enrolled', 7, 71, 7),
(304, '2026-06-10', 'Enrolled', 7, 71, 8),
(305, '2026-06-10', 'Enrolled', 7, 72, 1),
(306, '2026-06-10', 'Enrolled', 7, 72, 2),
(307, '2026-06-10', 'Enrolled', 7, 72, 3),
(308, '2026-06-10', 'Enrolled', 7, 72, 4),
(309, '2026-06-10', 'Enrolled', 7, 72, 5),
(310, '2026-06-10', 'Enrolled', 7, 72, 6),
(311, '2026-06-10', 'Enrolled', 7, 72, 7),
(312, '2026-06-10', 'Enrolled', 7, 72, 8),
(313, '2026-06-10', 'Enrolled', 7, 73, 1),
(314, '2026-06-10', 'Enrolled', 7, 73, 2),
(315, '2026-06-10', 'Enrolled', 7, 73, 3),
(316, '2026-06-10', 'Enrolled', 7, 73, 4),
(317, '2026-06-10', 'Enrolled', 7, 73, 5),
(318, '2026-06-10', 'Enrolled', 7, 73, 6),
(319, '2026-06-10', 'Enrolled', 7, 73, 7),
(320, '2026-06-10', 'Enrolled', 7, 73, 8),
(321, '2026-06-10', 'Enrolled', 7, 74, 9),
(322, '2026-06-10', 'Enrolled', 7, 74, 10),
(323, '2026-06-10', 'Enrolled', 7, 74, 11),
(324, '2026-06-10', 'Enrolled', 7, 74, 12),
(325, '2026-06-10', 'Enrolled', 7, 74, 13),
(326, '2026-06-10', 'Enrolled', 7, 74, 14),
(327, '2026-06-10', 'Enrolled', 7, 74, 15),
(328, '2026-06-10', 'Enrolled', 7, 74, 16),
(329, '2026-06-10', 'Enrolled', 7, 75, 9),
(330, '2026-06-10', 'Enrolled', 7, 75, 10),
(331, '2026-06-10', 'Enrolled', 7, 75, 11),
(332, '2026-06-10', 'Enrolled', 7, 75, 12),
(333, '2026-06-10', 'Enrolled', 7, 75, 13),
(334, '2026-06-10', 'Enrolled', 7, 75, 14),
(335, '2026-06-10', 'Enrolled', 7, 75, 15),
(336, '2026-06-10', 'Enrolled', 7, 75, 16),
(337, '2026-06-10', 'Enrolled', 7, 76, 9),
(338, '2026-06-10', 'Enrolled', 7, 76, 10),
(339, '2026-06-10', 'Enrolled', 7, 76, 11),
(340, '2026-06-10', 'Enrolled', 7, 76, 12),
(341, '2026-06-10', 'Enrolled', 7, 76, 13),
(342, '2026-06-10', 'Enrolled', 7, 76, 14),
(343, '2026-06-10', 'Enrolled', 7, 76, 15),
(344, '2026-06-10', 'Enrolled', 7, 76, 16),
(345, '2026-06-10', 'Enrolled', 7, 77, 9),
(346, '2026-06-10', 'Enrolled', 7, 77, 10),
(347, '2026-06-10', 'Enrolled', 7, 77, 11),
(348, '2026-06-10', 'Enrolled', 7, 77, 12),
(349, '2026-06-10', 'Enrolled', 7, 77, 13),
(350, '2026-06-10', 'Enrolled', 7, 77, 14),
(351, '2026-06-10', 'Enrolled', 7, 77, 15),
(352, '2026-06-10', 'Enrolled', 7, 77, 16),
(353, '2026-06-10', 'Enrolled', 7, 78, 9),
(354, '2026-06-10', 'Enrolled', 7, 78, 10),
(355, '2026-06-10', 'Enrolled', 7, 78, 11),
(356, '2026-06-10', 'Enrolled', 7, 78, 12),
(357, '2026-06-10', 'Enrolled', 7, 78, 13),
(358, '2026-06-10', 'Enrolled', 7, 78, 14),
(359, '2026-06-10', 'Enrolled', 7, 78, 15),
(360, '2026-06-10', 'Enrolled', 7, 78, 16),
(361, '2026-06-10', 'Enrolled', 7, 79, 9),
(362, '2026-06-10', 'Enrolled', 7, 79, 10),
(363, '2026-06-10', 'Enrolled', 7, 79, 11),
(364, '2026-06-10', 'Enrolled', 7, 79, 12),
(365, '2026-06-10', 'Enrolled', 7, 79, 13),
(366, '2026-06-10', 'Enrolled', 7, 79, 14),
(367, '2026-06-10', 'Enrolled', 7, 79, 15),
(368, '2026-06-10', 'Enrolled', 7, 79, 16),
(369, '2026-06-10', 'Enrolled', 7, 80, 9),
(370, '2026-06-10', 'Enrolled', 7, 80, 10),
(371, '2026-06-10', 'Enrolled', 7, 80, 11),
(372, '2026-06-10', 'Enrolled', 7, 80, 12),
(373, '2026-06-10', 'Enrolled', 7, 80, 13),
(374, '2026-06-10', 'Enrolled', 7, 80, 14),
(375, '2026-06-10', 'Enrolled', 7, 80, 15),
(376, '2026-06-10', 'Enrolled', 7, 80, 16),
(377, '2026-06-10', 'Enrolled', 7, 81, 9),
(378, '2026-06-10', 'Enrolled', 7, 81, 10),
(379, '2026-06-10', 'Enrolled', 7, 81, 11),
(380, '2026-06-10', 'Enrolled', 7, 81, 12),
(381, '2026-06-10', 'Enrolled', 7, 81, 13),
(382, '2026-06-10', 'Enrolled', 7, 81, 14),
(383, '2026-06-10', 'Enrolled', 7, 81, 15),
(384, '2026-06-10', 'Enrolled', 7, 81, 16),
(385, '2026-06-10', 'Enrolled', 7, 82, 9),
(386, '2026-06-10', 'Enrolled', 7, 82, 10),
(387, '2026-06-10', 'Enrolled', 7, 82, 11),
(388, '2026-06-10', 'Enrolled', 7, 82, 12),
(389, '2026-06-10', 'Enrolled', 7, 82, 13),
(390, '2026-06-10', 'Enrolled', 7, 82, 14),
(391, '2026-06-10', 'Enrolled', 7, 82, 15),
(392, '2026-06-10', 'Enrolled', 7, 82, 16),
(393, '2026-06-10', 'Enrolled', 7, 83, 9),
(394, '2026-06-10', 'Enrolled', 7, 83, 10),
(395, '2026-06-10', 'Enrolled', 7, 83, 11),
(396, '2026-06-10', 'Enrolled', 7, 83, 12),
(397, '2026-06-10', 'Enrolled', 7, 83, 13),
(398, '2026-06-10', 'Enrolled', 7, 83, 14),
(399, '2026-06-10', 'Enrolled', 7, 83, 15),
(400, '2026-06-10', 'Enrolled', 7, 83, 16);

INSERT INTO Enrollment (
  Enrollment_ID, EnrollmentDate, EnrollmentStatus, FK_Term_ID, FK_User_ID, FK_Course_ID
) VALUES
(401, '2026-06-10', 'Enrolled', 7, 84, 9),
(402, '2026-06-10', 'Enrolled', 7, 84, 10),
(403, '2026-06-10', 'Enrolled', 7, 84, 11),
(404, '2026-06-10', 'Enrolled', 7, 84, 12),
(405, '2026-06-10', 'Enrolled', 7, 84, 13),
(406, '2026-06-10', 'Enrolled', 7, 84, 14),
(407, '2026-06-10', 'Enrolled', 7, 84, 15),
(408, '2026-06-10', 'Enrolled', 7, 84, 16),
(409, '2026-06-10', 'Enrolled', 7, 85, 9),
(410, '2026-06-10', 'Enrolled', 7, 85, 10),
(411, '2026-06-10', 'Enrolled', 7, 85, 11),
(412, '2026-06-10', 'Enrolled', 7, 85, 12),
(413, '2026-06-10', 'Enrolled', 7, 85, 13),
(414, '2026-06-10', 'Enrolled', 7, 85, 14),
(415, '2026-06-10', 'Enrolled', 7, 85, 15),
(416, '2026-06-10', 'Enrolled', 7, 85, 16),
(417, '2026-06-10', 'Enrolled', 7, 86, 9),
(418, '2026-06-10', 'Enrolled', 7, 86, 10),
(419, '2026-06-10', 'Enrolled', 7, 86, 11),
(420, '2026-06-10', 'Enrolled', 7, 86, 12),
(421, '2026-06-10', 'Enrolled', 7, 86, 13),
(422, '2026-06-10', 'Enrolled', 7, 86, 14),
(423, '2026-06-10', 'Enrolled', 7, 86, 15),
(424, '2026-06-10', 'Enrolled', 7, 86, 16),
(425, '2026-06-10', 'Enrolled', 7, 87, 9),
(426, '2026-06-10', 'Enrolled', 7, 87, 10),
(427, '2026-06-10', 'Enrolled', 7, 87, 11),
(428, '2026-06-10', 'Enrolled', 7, 87, 12),
(429, '2026-06-10', 'Enrolled', 7, 87, 13),
(430, '2026-06-10', 'Enrolled', 7, 87, 14),
(431, '2026-06-10', 'Enrolled', 7, 87, 15),
(432, '2026-06-10', 'Enrolled', 7, 87, 16),
(433, '2026-06-10', 'Enrolled', 7, 88, 9),
(434, '2026-06-10', 'Enrolled', 7, 88, 10),
(435, '2026-06-10', 'Enrolled', 7, 88, 11),
(436, '2026-06-10', 'Enrolled', 7, 88, 12),
(437, '2026-06-10', 'Enrolled', 7, 88, 13),
(438, '2026-06-10', 'Enrolled', 7, 88, 14),
(439, '2026-06-10', 'Enrolled', 7, 88, 15),
(440, '2026-06-10', 'Enrolled', 7, 88, 16),
(441, '2026-06-10', 'Enrolled', 7, 89, 9),
(442, '2026-06-10', 'Enrolled', 7, 89, 10),
(443, '2026-06-10', 'Enrolled', 7, 89, 11),
(444, '2026-06-10', 'Enrolled', 7, 89, 12),
(445, '2026-06-10', 'Enrolled', 7, 89, 13),
(446, '2026-06-10', 'Enrolled', 7, 89, 14),
(447, '2026-06-10', 'Enrolled', 7, 89, 15),
(448, '2026-06-10', 'Enrolled', 7, 89, 16),
(449, '2026-06-10', 'Enrolled', 7, 90, 9),
(450, '2026-06-10', 'Enrolled', 7, 90, 10),
(451, '2026-06-10', 'Enrolled', 7, 90, 11),
(452, '2026-06-10', 'Enrolled', 7, 90, 12),
(453, '2026-06-10', 'Enrolled', 7, 90, 13),
(454, '2026-06-10', 'Enrolled', 7, 90, 14),
(455, '2026-06-10', 'Enrolled', 7, 90, 15),
(456, '2026-06-10', 'Enrolled', 7, 90, 16),
(457, '2026-06-10', 'Enrolled', 7, 91, 9),
(458, '2026-06-10', 'Enrolled', 7, 91, 10),
(459, '2026-06-10', 'Enrolled', 7, 91, 11),
(460, '2026-06-10', 'Enrolled', 7, 91, 12),
(461, '2026-06-10', 'Enrolled', 7, 91, 13),
(462, '2026-06-10', 'Enrolled', 7, 91, 14),
(463, '2026-06-10', 'Enrolled', 7, 91, 15),
(464, '2026-06-10', 'Enrolled', 7, 91, 16),
(465, '2026-06-10', 'Enrolled', 7, 92, 9),
(466, '2026-06-10', 'Enrolled', 7, 92, 10),
(467, '2026-06-10', 'Enrolled', 7, 92, 11),
(468, '2026-06-10', 'Enrolled', 7, 92, 12),
(469, '2026-06-10', 'Enrolled', 7, 92, 13),
(470, '2026-06-10', 'Enrolled', 7, 92, 14),
(471, '2026-06-10', 'Enrolled', 7, 92, 15),
(472, '2026-06-10', 'Enrolled', 7, 92, 16),
(473, '2026-06-10', 'Enrolled', 7, 93, 9),
(474, '2026-06-10', 'Enrolled', 7, 93, 10),
(475, '2026-06-10', 'Enrolled', 7, 93, 11),
(476, '2026-06-10', 'Enrolled', 7, 93, 12),
(477, '2026-06-10', 'Enrolled', 7, 93, 13),
(478, '2026-06-10', 'Enrolled', 7, 93, 14),
(479, '2026-06-10', 'Enrolled', 7, 93, 15),
(480, '2026-06-10', 'Enrolled', 7, 93, 16),
(481, '2026-06-10', 'Enrolled', 7, 94, 9),
(482, '2026-06-10', 'Enrolled', 7, 94, 10),
(483, '2026-06-10', 'Enrolled', 7, 94, 11),
(484, '2026-06-10', 'Enrolled', 7, 94, 12),
(485, '2026-06-10', 'Enrolled', 7, 94, 13),
(486, '2026-06-10', 'Enrolled', 7, 94, 14),
(487, '2026-06-10', 'Enrolled', 7, 94, 15),
(488, '2026-06-10', 'Enrolled', 7, 94, 16),
(489, '2026-06-10', 'Enrolled', 7, 95, 9),
(490, '2026-06-10', 'Enrolled', 7, 95, 10),
(491, '2026-06-10', 'Enrolled', 7, 95, 11),
(492, '2026-06-10', 'Enrolled', 7, 95, 12),
(493, '2026-06-10', 'Enrolled', 7, 95, 13),
(494, '2026-06-10', 'Enrolled', 7, 95, 14),
(495, '2026-06-10', 'Enrolled', 7, 95, 15),
(496, '2026-06-10', 'Enrolled', 7, 95, 16),
(497, '2026-06-10', 'Enrolled', 7, 96, 9),
(498, '2026-06-10', 'Enrolled', 7, 96, 10),
(499, '2026-06-10', 'Enrolled', 7, 96, 11),
(500, '2026-06-10', 'Enrolled', 7, 96, 12),
(501, '2026-06-10', 'Enrolled', 7, 96, 13),
(502, '2026-06-10', 'Enrolled', 7, 96, 14),
(503, '2026-06-10', 'Enrolled', 7, 96, 15),
(504, '2026-06-10', 'Enrolled', 7, 96, 16),
(505, '2026-06-10', 'Enrolled', 7, 97, 9),
(506, '2026-06-10', 'Enrolled', 7, 97, 10),
(507, '2026-06-10', 'Enrolled', 7, 97, 11),
(508, '2026-06-10', 'Enrolled', 7, 97, 12),
(509, '2026-06-10', 'Enrolled', 7, 97, 13),
(510, '2026-06-10', 'Enrolled', 7, 97, 14),
(511, '2026-06-10', 'Enrolled', 7, 97, 15),
(512, '2026-06-10', 'Enrolled', 7, 97, 16),
(513, '2026-06-10', 'Enrolled', 7, 98, 9),
(514, '2026-06-10', 'Enrolled', 7, 98, 10),
(515, '2026-06-10', 'Enrolled', 7, 98, 11),
(516, '2026-06-10', 'Enrolled', 7, 98, 12),
(517, '2026-06-10', 'Enrolled', 7, 98, 13),
(518, '2026-06-10', 'Enrolled', 7, 98, 14),
(519, '2026-06-10', 'Enrolled', 7, 98, 15),
(520, '2026-06-10', 'Enrolled', 7, 98, 16),
(521, '2026-06-10', 'Enrolled', 7, 99, 9),
(522, '2026-06-10', 'Enrolled', 7, 99, 10),
(523, '2026-06-10', 'Enrolled', 7, 99, 11),
(524, '2026-06-10', 'Enrolled', 7, 99, 12),
(525, '2026-06-10', 'Enrolled', 7, 99, 13),
(526, '2026-06-10', 'Enrolled', 7, 99, 14),
(527, '2026-06-10', 'Enrolled', 7, 99, 15),
(528, '2026-06-10', 'Enrolled', 7, 99, 16),
(529, '2026-06-10', 'Enrolled', 7, 100, 9),
(530, '2026-06-10', 'Enrolled', 7, 100, 10),
(531, '2026-06-10', 'Enrolled', 7, 100, 11),
(532, '2026-06-10', 'Enrolled', 7, 100, 12),
(533, '2026-06-10', 'Enrolled', 7, 100, 13),
(534, '2026-06-10', 'Enrolled', 7, 100, 14),
(535, '2026-06-10', 'Enrolled', 7, 100, 15),
(536, '2026-06-10', 'Enrolled', 7, 100, 16),
(537, '2026-06-10', 'Enrolled', 7, 101, 9),
(538, '2026-06-10', 'Enrolled', 7, 101, 10),
(539, '2026-06-10', 'Enrolled', 7, 101, 11),
(540, '2026-06-10', 'Enrolled', 7, 101, 12),
(541, '2026-06-10', 'Enrolled', 7, 101, 13),
(542, '2026-06-10', 'Enrolled', 7, 101, 14),
(543, '2026-06-10', 'Enrolled', 7, 101, 15),
(544, '2026-06-10', 'Enrolled', 7, 101, 16),
(545, '2026-06-10', 'Enrolled', 7, 102, 9),
(546, '2026-06-10', 'Enrolled', 7, 102, 10),
(547, '2026-06-10', 'Enrolled', 7, 102, 11),
(548, '2026-06-10', 'Enrolled', 7, 102, 12),
(549, '2026-06-10', 'Enrolled', 7, 102, 13),
(550, '2026-06-10', 'Enrolled', 7, 102, 14),
(551, '2026-06-10', 'Enrolled', 7, 102, 15),
(552, '2026-06-10', 'Enrolled', 7, 102, 16),
(553, '2026-06-10', 'Enrolled', 7, 103, 9),
(554, '2026-06-10', 'Enrolled', 7, 103, 10),
(555, '2026-06-10', 'Enrolled', 7, 103, 11),
(556, '2026-06-10', 'Enrolled', 7, 103, 12),
(557, '2026-06-10', 'Enrolled', 7, 103, 13),
(558, '2026-06-10', 'Enrolled', 7, 103, 14),
(559, '2026-06-10', 'Enrolled', 7, 103, 15),
(560, '2026-06-10', 'Enrolled', 7, 103, 16),
(561, '2026-06-10', 'Enrolled', 7, 104, 9),
(562, '2026-06-10', 'Enrolled', 7, 104, 10),
(563, '2026-06-10', 'Enrolled', 7, 104, 11),
(564, '2026-06-10', 'Enrolled', 7, 104, 12),
(565, '2026-06-10', 'Enrolled', 7, 104, 13),
(566, '2026-06-10', 'Enrolled', 7, 104, 14),
(567, '2026-06-10', 'Enrolled', 7, 104, 15),
(568, '2026-06-10', 'Enrolled', 7, 104, 16),
(569, '2026-06-10', 'Enrolled', 7, 105, 9),
(570, '2026-06-10', 'Enrolled', 7, 105, 10),
(571, '2026-06-10', 'Enrolled', 7, 105, 11),
(572, '2026-06-10', 'Enrolled', 7, 105, 12),
(573, '2026-06-10', 'Enrolled', 7, 105, 13),
(574, '2026-06-10', 'Enrolled', 7, 105, 14),
(575, '2026-06-10', 'Enrolled', 7, 105, 15),
(576, '2026-06-10', 'Enrolled', 7, 105, 16),
(577, '2026-06-10', 'Enrolled', 7, 106, 9),
(578, '2026-06-10', 'Enrolled', 7, 106, 10),
(579, '2026-06-10', 'Enrolled', 7, 106, 11),
(580, '2026-06-10', 'Enrolled', 7, 106, 12),
(581, '2026-06-10', 'Enrolled', 7, 106, 13),
(582, '2026-06-10', 'Enrolled', 7, 106, 14),
(583, '2026-06-10', 'Enrolled', 7, 106, 15),
(584, '2026-06-10', 'Enrolled', 7, 106, 16),
(585, '2026-06-10', 'Enrolled', 7, 107, 9),
(586, '2026-06-10', 'Enrolled', 7, 107, 10),
(587, '2026-06-10', 'Enrolled', 7, 107, 11),
(588, '2026-06-10', 'Enrolled', 7, 107, 12),
(589, '2026-06-10', 'Enrolled', 7, 107, 13),
(590, '2026-06-10', 'Enrolled', 7, 107, 14),
(591, '2026-06-10', 'Enrolled', 7, 107, 15),
(592, '2026-06-10', 'Enrolled', 7, 107, 16),
(593, '2026-06-10', 'Enrolled', 7, 108, 9),
(594, '2026-06-10', 'Enrolled', 7, 108, 10),
(595, '2026-06-10', 'Enrolled', 7, 108, 11),
(596, '2026-06-10', 'Enrolled', 7, 108, 12),
(597, '2026-06-10', 'Enrolled', 7, 108, 13),
(598, '2026-06-10', 'Enrolled', 7, 108, 14),
(599, '2026-06-10', 'Enrolled', 7, 108, 15),
(600, '2026-06-10', 'Enrolled', 7, 108, 16);

INSERT INTO Enrollment (
  Enrollment_ID, EnrollmentDate, EnrollmentStatus, FK_Term_ID, FK_User_ID, FK_Course_ID
) VALUES
(601, '2026-06-10', 'Enrolled', 7, 109, 9),
(602, '2026-06-10', 'Enrolled', 7, 109, 10),
(603, '2026-06-10', 'Enrolled', 7, 109, 11),
(604, '2026-06-10', 'Enrolled', 7, 109, 12),
(605, '2026-06-10', 'Enrolled', 7, 109, 13),
(606, '2026-06-10', 'Enrolled', 7, 109, 14),
(607, '2026-06-10', 'Enrolled', 7, 109, 15),
(608, '2026-06-10', 'Enrolled', 7, 109, 16),
(609, '2026-06-10', 'Enrolled', 7, 110, 9),
(610, '2026-06-10', 'Enrolled', 7, 110, 10),
(611, '2026-06-10', 'Enrolled', 7, 110, 11),
(612, '2026-06-10', 'Enrolled', 7, 110, 12),
(613, '2026-06-10', 'Enrolled', 7, 110, 13),
(614, '2026-06-10', 'Enrolled', 7, 110, 14),
(615, '2026-06-10', 'Enrolled', 7, 110, 15),
(616, '2026-06-10', 'Enrolled', 7, 110, 16),
(617, '2026-06-10', 'Enrolled', 7, 111, 9),
(618, '2026-06-10', 'Enrolled', 7, 111, 10),
(619, '2026-06-10', 'Enrolled', 7, 111, 11),
(620, '2026-06-10', 'Enrolled', 7, 111, 12),
(621, '2026-06-10', 'Enrolled', 7, 111, 13),
(622, '2026-06-10', 'Enrolled', 7, 111, 14),
(623, '2026-06-10', 'Enrolled', 7, 111, 15),
(624, '2026-06-10', 'Enrolled', 7, 111, 16),
(625, '2026-06-10', 'Enrolled', 7, 112, 9),
(626, '2026-06-10', 'Enrolled', 7, 112, 10),
(627, '2026-06-10', 'Enrolled', 7, 112, 11),
(628, '2026-06-10', 'Enrolled', 7, 112, 12),
(629, '2026-06-10', 'Enrolled', 7, 112, 13),
(630, '2026-06-10', 'Enrolled', 7, 112, 14),
(631, '2026-06-10', 'Enrolled', 7, 112, 15),
(632, '2026-06-10', 'Enrolled', 7, 112, 16),
(633, '2026-06-10', 'Enrolled', 7, 113, 9),
(634, '2026-06-10', 'Enrolled', 7, 113, 10),
(635, '2026-06-10', 'Enrolled', 7, 113, 11),
(636, '2026-06-10', 'Enrolled', 7, 113, 12),
(637, '2026-06-10', 'Enrolled', 7, 113, 13),
(638, '2026-06-10', 'Enrolled', 7, 113, 14),
(639, '2026-06-10', 'Enrolled', 7, 113, 15),
(640, '2026-06-10', 'Enrolled', 7, 113, 16),
(641, '2026-06-10', 'Enrolled', 7, 114, 17),
(642, '2026-06-10', 'Enrolled', 7, 114, 18),
(643, '2026-06-10', 'Enrolled', 7, 114, 19),
(644, '2026-06-10', 'Enrolled', 7, 114, 20),
(645, '2026-06-10', 'Enrolled', 7, 114, 21),
(646, '2026-06-10', 'Enrolled', 7, 114, 22),
(647, '2026-06-10', 'Enrolled', 7, 114, 23),
(648, '2026-06-10', 'Enrolled', 7, 114, 24),
(649, '2026-06-10', 'Enrolled', 7, 115, 17),
(650, '2026-06-10', 'Enrolled', 7, 115, 18),
(651, '2026-06-10', 'Enrolled', 7, 115, 19),
(652, '2026-06-10', 'Enrolled', 7, 115, 20),
(653, '2026-06-10', 'Enrolled', 7, 115, 21),
(654, '2026-06-10', 'Enrolled', 7, 115, 22),
(655, '2026-06-10', 'Enrolled', 7, 115, 23),
(656, '2026-06-10', 'Enrolled', 7, 115, 24),
(657, '2026-06-10', 'Enrolled', 7, 116, 17),
(658, '2026-06-10', 'Enrolled', 7, 116, 18),
(659, '2026-06-10', 'Enrolled', 7, 116, 19),
(660, '2026-06-10', 'Enrolled', 7, 116, 20),
(661, '2026-06-10', 'Enrolled', 7, 116, 21),
(662, '2026-06-10', 'Enrolled', 7, 116, 22),
(663, '2026-06-10', 'Enrolled', 7, 116, 23),
(664, '2026-06-10', 'Enrolled', 7, 116, 24),
(665, '2026-06-10', 'Enrolled', 7, 117, 17),
(666, '2026-06-10', 'Enrolled', 7, 117, 18),
(667, '2026-06-10', 'Enrolled', 7, 117, 19),
(668, '2026-06-10', 'Enrolled', 7, 117, 20),
(669, '2026-06-10', 'Enrolled', 7, 117, 21),
(670, '2026-06-10', 'Enrolled', 7, 117, 22),
(671, '2026-06-10', 'Enrolled', 7, 117, 23),
(672, '2026-06-10', 'Enrolled', 7, 117, 24),
(673, '2026-06-10', 'Enrolled', 7, 118, 17),
(674, '2026-06-10', 'Enrolled', 7, 118, 18),
(675, '2026-06-10', 'Enrolled', 7, 118, 19),
(676, '2026-06-10', 'Enrolled', 7, 118, 20),
(677, '2026-06-10', 'Enrolled', 7, 118, 21),
(678, '2026-06-10', 'Enrolled', 7, 118, 22),
(679, '2026-06-10', 'Enrolled', 7, 118, 23),
(680, '2026-06-10', 'Enrolled', 7, 118, 24),
(681, '2026-06-10', 'Enrolled', 7, 119, 17),
(682, '2026-06-10', 'Enrolled', 7, 119, 18),
(683, '2026-06-10', 'Enrolled', 7, 119, 19),
(684, '2026-06-10', 'Enrolled', 7, 119, 20),
(685, '2026-06-10', 'Enrolled', 7, 119, 21),
(686, '2026-06-10', 'Enrolled', 7, 119, 22),
(687, '2026-06-10', 'Enrolled', 7, 119, 23),
(688, '2026-06-10', 'Enrolled', 7, 119, 24),
(689, '2026-06-10', 'Enrolled', 7, 120, 17),
(690, '2026-06-10', 'Enrolled', 7, 120, 18),
(691, '2026-06-10', 'Enrolled', 7, 120, 19),
(692, '2026-06-10', 'Enrolled', 7, 120, 20),
(693, '2026-06-10', 'Enrolled', 7, 120, 21),
(694, '2026-06-10', 'Enrolled', 7, 120, 22),
(695, '2026-06-10', 'Enrolled', 7, 120, 23),
(696, '2026-06-10', 'Enrolled', 7, 120, 24),
(697, '2026-06-10', 'Enrolled', 7, 121, 17),
(698, '2026-06-10', 'Enrolled', 7, 121, 18),
(699, '2026-06-10', 'Enrolled', 7, 121, 19),
(700, '2026-06-10', 'Enrolled', 7, 121, 20),
(701, '2026-06-10', 'Enrolled', 7, 121, 21),
(702, '2026-06-10', 'Enrolled', 7, 121, 22),
(703, '2026-06-10', 'Enrolled', 7, 121, 23),
(704, '2026-06-10', 'Enrolled', 7, 121, 24),
(705, '2026-06-10', 'Enrolled', 7, 122, 17),
(706, '2026-06-10', 'Enrolled', 7, 122, 18),
(707, '2026-06-10', 'Enrolled', 7, 122, 19),
(708, '2026-06-10', 'Enrolled', 7, 122, 20),
(709, '2026-06-10', 'Enrolled', 7, 122, 21),
(710, '2026-06-10', 'Enrolled', 7, 122, 22),
(711, '2026-06-10', 'Enrolled', 7, 122, 23),
(712, '2026-06-10', 'Enrolled', 7, 122, 24),
(713, '2026-06-10', 'Enrolled', 7, 123, 17),
(714, '2026-06-10', 'Enrolled', 7, 123, 18),
(715, '2026-06-10', 'Enrolled', 7, 123, 19),
(716, '2026-06-10', 'Enrolled', 7, 123, 20),
(717, '2026-06-10', 'Enrolled', 7, 123, 21),
(718, '2026-06-10', 'Enrolled', 7, 123, 22),
(719, '2026-06-10', 'Enrolled', 7, 123, 23),
(720, '2026-06-10', 'Enrolled', 7, 123, 24),
(721, '2026-06-10', 'Enrolled', 7, 124, 17),
(722, '2026-06-10', 'Enrolled', 7, 124, 18),
(723, '2026-06-10', 'Enrolled', 7, 124, 19),
(724, '2026-06-10', 'Enrolled', 7, 124, 20),
(725, '2026-06-10', 'Enrolled', 7, 124, 21),
(726, '2026-06-10', 'Enrolled', 7, 124, 22),
(727, '2026-06-10', 'Enrolled', 7, 124, 23),
(728, '2026-06-10', 'Enrolled', 7, 124, 24),
(729, '2026-06-10', 'Enrolled', 7, 125, 17),
(730, '2026-06-10', 'Enrolled', 7, 125, 18),
(731, '2026-06-10', 'Enrolled', 7, 125, 19),
(732, '2026-06-10', 'Enrolled', 7, 125, 20),
(733, '2026-06-10', 'Enrolled', 7, 125, 21),
(734, '2026-06-10', 'Enrolled', 7, 125, 22),
(735, '2026-06-10', 'Enrolled', 7, 125, 23),
(736, '2026-06-10', 'Enrolled', 7, 125, 24),
(737, '2026-06-10', 'Enrolled', 7, 126, 17),
(738, '2026-06-10', 'Enrolled', 7, 126, 18),
(739, '2026-06-10', 'Enrolled', 7, 126, 19),
(740, '2026-06-10', 'Enrolled', 7, 126, 20),
(741, '2026-06-10', 'Enrolled', 7, 126, 21),
(742, '2026-06-10', 'Enrolled', 7, 126, 22),
(743, '2026-06-10', 'Enrolled', 7, 126, 23),
(744, '2026-06-10', 'Enrolled', 7, 126, 24),
(745, '2026-06-10', 'Enrolled', 7, 127, 17),
(746, '2026-06-10', 'Enrolled', 7, 127, 18),
(747, '2026-06-10', 'Enrolled', 7, 127, 19),
(748, '2026-06-10', 'Enrolled', 7, 127, 20),
(749, '2026-06-10', 'Enrolled', 7, 127, 21),
(750, '2026-06-10', 'Enrolled', 7, 127, 22),
(751, '2026-06-10', 'Enrolled', 7, 127, 23),
(752, '2026-06-10', 'Enrolled', 7, 127, 24),
(753, '2026-06-10', 'Enrolled', 7, 128, 17),
(754, '2026-06-10', 'Enrolled', 7, 128, 18),
(755, '2026-06-10', 'Enrolled', 7, 128, 19),
(756, '2026-06-10', 'Enrolled', 7, 128, 20),
(757, '2026-06-10', 'Enrolled', 7, 128, 21),
(758, '2026-06-10', 'Enrolled', 7, 128, 22),
(759, '2026-06-10', 'Enrolled', 7, 128, 23),
(760, '2026-06-10', 'Enrolled', 7, 128, 24),
(761, '2026-06-10', 'Enrolled', 7, 129, 17),
(762, '2026-06-10', 'Enrolled', 7, 129, 18),
(763, '2026-06-10', 'Enrolled', 7, 129, 19),
(764, '2026-06-10', 'Enrolled', 7, 129, 20),
(765, '2026-06-10', 'Enrolled', 7, 129, 21),
(766, '2026-06-10', 'Enrolled', 7, 129, 22),
(767, '2026-06-10', 'Enrolled', 7, 129, 23),
(768, '2026-06-10', 'Enrolled', 7, 129, 24),
(769, '2026-06-10', 'Enrolled', 7, 130, 17),
(770, '2026-06-10', 'Enrolled', 7, 130, 18),
(771, '2026-06-10', 'Enrolled', 7, 130, 19),
(772, '2026-06-10', 'Enrolled', 7, 130, 20),
(773, '2026-06-10', 'Enrolled', 7, 130, 21),
(774, '2026-06-10', 'Enrolled', 7, 130, 22),
(775, '2026-06-10', 'Enrolled', 7, 130, 23),
(776, '2026-06-10', 'Enrolled', 7, 130, 24),
(777, '2026-06-10', 'Enrolled', 7, 131, 17),
(778, '2026-06-10', 'Enrolled', 7, 131, 18),
(779, '2026-06-10', 'Enrolled', 7, 131, 19),
(780, '2026-06-10', 'Enrolled', 7, 131, 20),
(781, '2026-06-10', 'Enrolled', 7, 131, 21),
(782, '2026-06-10', 'Enrolled', 7, 131, 22),
(783, '2026-06-10', 'Enrolled', 7, 131, 23),
(784, '2026-06-10', 'Enrolled', 7, 131, 24),
(785, '2026-06-10', 'Enrolled', 7, 132, 17),
(786, '2026-06-10', 'Enrolled', 7, 132, 18),
(787, '2026-06-10', 'Enrolled', 7, 132, 19),
(788, '2026-06-10', 'Enrolled', 7, 132, 20),
(789, '2026-06-10', 'Enrolled', 7, 132, 21),
(790, '2026-06-10', 'Enrolled', 7, 132, 22),
(791, '2026-06-10', 'Enrolled', 7, 132, 23),
(792, '2026-06-10', 'Enrolled', 7, 132, 24),
(793, '2026-06-10', 'Enrolled', 7, 133, 17),
(794, '2026-06-10', 'Enrolled', 7, 133, 18),
(795, '2026-06-10', 'Enrolled', 7, 133, 19),
(796, '2026-06-10', 'Enrolled', 7, 133, 20),
(797, '2026-06-10', 'Enrolled', 7, 133, 21),
(798, '2026-06-10', 'Enrolled', 7, 133, 22),
(799, '2026-06-10', 'Enrolled', 7, 133, 23),
(800, '2026-06-10', 'Enrolled', 7, 133, 24);

INSERT INTO Enrollment (
  Enrollment_ID, EnrollmentDate, EnrollmentStatus, FK_Term_ID, FK_User_ID, FK_Course_ID
) VALUES
(801, '2026-06-10', 'Enrolled', 7, 134, 17),
(802, '2026-06-10', 'Enrolled', 7, 134, 18),
(803, '2026-06-10', 'Enrolled', 7, 134, 19),
(804, '2026-06-10', 'Enrolled', 7, 134, 20),
(805, '2026-06-10', 'Enrolled', 7, 134, 21),
(806, '2026-06-10', 'Enrolled', 7, 134, 22),
(807, '2026-06-10', 'Enrolled', 7, 134, 23),
(808, '2026-06-10', 'Enrolled', 7, 134, 24),
(809, '2026-06-10', 'Enrolled', 7, 135, 17),
(810, '2026-06-10', 'Enrolled', 7, 135, 18),
(811, '2026-06-10', 'Enrolled', 7, 135, 19),
(812, '2026-06-10', 'Enrolled', 7, 135, 20),
(813, '2026-06-10', 'Enrolled', 7, 135, 21),
(814, '2026-06-10', 'Enrolled', 7, 135, 22),
(815, '2026-06-10', 'Enrolled', 7, 135, 23),
(816, '2026-06-10', 'Enrolled', 7, 135, 24),
(817, '2026-06-10', 'Enrolled', 7, 136, 17),
(818, '2026-06-10', 'Enrolled', 7, 136, 18),
(819, '2026-06-10', 'Enrolled', 7, 136, 19),
(820, '2026-06-10', 'Enrolled', 7, 136, 20),
(821, '2026-06-10', 'Enrolled', 7, 136, 21),
(822, '2026-06-10', 'Enrolled', 7, 136, 22),
(823, '2026-06-10', 'Enrolled', 7, 136, 23),
(824, '2026-06-10', 'Enrolled', 7, 136, 24),
(825, '2026-06-10', 'Enrolled', 7, 137, 17),
(826, '2026-06-10', 'Enrolled', 7, 137, 18),
(827, '2026-06-10', 'Enrolled', 7, 137, 19),
(828, '2026-06-10', 'Enrolled', 7, 137, 20),
(829, '2026-06-10', 'Enrolled', 7, 137, 21),
(830, '2026-06-10', 'Enrolled', 7, 137, 22),
(831, '2026-06-10', 'Enrolled', 7, 137, 23),
(832, '2026-06-10', 'Enrolled', 7, 137, 24),
(833, '2026-06-10', 'Enrolled', 7, 138, 17),
(834, '2026-06-10', 'Enrolled', 7, 138, 18),
(835, '2026-06-10', 'Enrolled', 7, 138, 19),
(836, '2026-06-10', 'Enrolled', 7, 138, 20),
(837, '2026-06-10', 'Enrolled', 7, 138, 21),
(838, '2026-06-10', 'Enrolled', 7, 138, 22),
(839, '2026-06-10', 'Enrolled', 7, 138, 23),
(840, '2026-06-10', 'Enrolled', 7, 138, 24),
(841, '2026-06-10', 'Enrolled', 7, 139, 17),
(842, '2026-06-10', 'Enrolled', 7, 139, 18),
(843, '2026-06-10', 'Enrolled', 7, 139, 19),
(844, '2026-06-10', 'Enrolled', 7, 139, 20),
(845, '2026-06-10', 'Enrolled', 7, 139, 21),
(846, '2026-06-10', 'Enrolled', 7, 139, 22),
(847, '2026-06-10', 'Enrolled', 7, 139, 23),
(848, '2026-06-10', 'Enrolled', 7, 139, 24),
(849, '2026-06-10', 'Enrolled', 7, 140, 17),
(850, '2026-06-10', 'Enrolled', 7, 140, 18),
(851, '2026-06-10', 'Enrolled', 7, 140, 19),
(852, '2026-06-10', 'Enrolled', 7, 140, 20),
(853, '2026-06-10', 'Enrolled', 7, 140, 21),
(854, '2026-06-10', 'Enrolled', 7, 140, 22),
(855, '2026-06-10', 'Enrolled', 7, 140, 23),
(856, '2026-06-10', 'Enrolled', 7, 140, 24),
(857, '2026-06-10', 'Enrolled', 7, 141, 17),
(858, '2026-06-10', 'Enrolled', 7, 141, 18),
(859, '2026-06-10', 'Enrolled', 7, 141, 19),
(860, '2026-06-10', 'Enrolled', 7, 141, 20),
(861, '2026-06-10', 'Enrolled', 7, 141, 21),
(862, '2026-06-10', 'Enrolled', 7, 141, 22),
(863, '2026-06-10', 'Enrolled', 7, 141, 23),
(864, '2026-06-10', 'Enrolled', 7, 141, 24),
(865, '2026-06-10', 'Enrolled', 7, 142, 17),
(866, '2026-06-10', 'Enrolled', 7, 142, 18),
(867, '2026-06-10', 'Enrolled', 7, 142, 19),
(868, '2026-06-10', 'Enrolled', 7, 142, 20),
(869, '2026-06-10', 'Enrolled', 7, 142, 21),
(870, '2026-06-10', 'Enrolled', 7, 142, 22),
(871, '2026-06-10', 'Enrolled', 7, 142, 23),
(872, '2026-06-10', 'Enrolled', 7, 142, 24),
(873, '2026-06-10', 'Enrolled', 7, 143, 17),
(874, '2026-06-10', 'Enrolled', 7, 143, 18),
(875, '2026-06-10', 'Enrolled', 7, 143, 19),
(876, '2026-06-10', 'Enrolled', 7, 143, 20),
(877, '2026-06-10', 'Enrolled', 7, 143, 21),
(878, '2026-06-10', 'Enrolled', 7, 143, 22),
(879, '2026-06-10', 'Enrolled', 7, 143, 23),
(880, '2026-06-10', 'Enrolled', 7, 143, 24),
(881, '2026-06-10', 'Enrolled', 7, 144, 17),
(882, '2026-06-10', 'Enrolled', 7, 144, 18),
(883, '2026-06-10', 'Enrolled', 7, 144, 19),
(884, '2026-06-10', 'Enrolled', 7, 144, 20),
(885, '2026-06-10', 'Enrolled', 7, 144, 21),
(886, '2026-06-10', 'Enrolled', 7, 144, 22),
(887, '2026-06-10', 'Enrolled', 7, 144, 23),
(888, '2026-06-10', 'Enrolled', 7, 144, 24),
(889, '2026-06-10', 'Enrolled', 7, 145, 17),
(890, '2026-06-10', 'Enrolled', 7, 145, 18),
(891, '2026-06-10', 'Enrolled', 7, 145, 19),
(892, '2026-06-10', 'Enrolled', 7, 145, 20),
(893, '2026-06-10', 'Enrolled', 7, 145, 21),
(894, '2026-06-10', 'Enrolled', 7, 145, 22),
(895, '2026-06-10', 'Enrolled', 7, 145, 23),
(896, '2026-06-10', 'Enrolled', 7, 145, 24),
(897, '2026-06-10', 'Enrolled', 7, 146, 17),
(898, '2026-06-10', 'Enrolled', 7, 146, 18),
(899, '2026-06-10', 'Enrolled', 7, 146, 19),
(900, '2026-06-10', 'Enrolled', 7, 146, 20),
(901, '2026-06-10', 'Enrolled', 7, 146, 21),
(902, '2026-06-10', 'Enrolled', 7, 146, 22),
(903, '2026-06-10', 'Enrolled', 7, 146, 23),
(904, '2026-06-10', 'Enrolled', 7, 146, 24),
(905, '2026-06-10', 'Enrolled', 7, 147, 17),
(906, '2026-06-10', 'Enrolled', 7, 147, 18),
(907, '2026-06-10', 'Enrolled', 7, 147, 19),
(908, '2026-06-10', 'Enrolled', 7, 147, 20),
(909, '2026-06-10', 'Enrolled', 7, 147, 21),
(910, '2026-06-10', 'Enrolled', 7, 147, 22),
(911, '2026-06-10', 'Enrolled', 7, 147, 23),
(912, '2026-06-10', 'Enrolled', 7, 147, 24),
(913, '2026-06-10', 'Enrolled', 7, 148, 17),
(914, '2026-06-10', 'Enrolled', 7, 148, 18),
(915, '2026-06-10', 'Enrolled', 7, 148, 19),
(916, '2026-06-10', 'Enrolled', 7, 148, 20),
(917, '2026-06-10', 'Enrolled', 7, 148, 21),
(918, '2026-06-10', 'Enrolled', 7, 148, 22),
(919, '2026-06-10', 'Enrolled', 7, 148, 23),
(920, '2026-06-10', 'Enrolled', 7, 148, 24),
(921, '2026-06-10', 'Enrolled', 7, 149, 17),
(922, '2026-06-10', 'Enrolled', 7, 149, 18),
(923, '2026-06-10', 'Enrolled', 7, 149, 19),
(924, '2026-06-10', 'Enrolled', 7, 149, 20),
(925, '2026-06-10', 'Enrolled', 7, 149, 21),
(926, '2026-06-10', 'Enrolled', 7, 149, 22),
(927, '2026-06-10', 'Enrolled', 7, 149, 23),
(928, '2026-06-10', 'Enrolled', 7, 149, 24),
(929, '2026-06-10', 'Enrolled', 7, 150, 17),
(930, '2026-06-10', 'Enrolled', 7, 150, 18),
(931, '2026-06-10', 'Enrolled', 7, 150, 19),
(932, '2026-06-10', 'Enrolled', 7, 150, 20),
(933, '2026-06-10', 'Enrolled', 7, 150, 21),
(934, '2026-06-10', 'Enrolled', 7, 150, 22),
(935, '2026-06-10', 'Enrolled', 7, 150, 23),
(936, '2026-06-10', 'Enrolled', 7, 150, 24),
(937, '2026-06-10', 'Enrolled', 7, 151, 17),
(938, '2026-06-10', 'Enrolled', 7, 151, 18),
(939, '2026-06-10', 'Enrolled', 7, 151, 19),
(940, '2026-06-10', 'Enrolled', 7, 151, 20),
(941, '2026-06-10', 'Enrolled', 7, 151, 21),
(942, '2026-06-10', 'Enrolled', 7, 151, 22),
(943, '2026-06-10', 'Enrolled', 7, 151, 23),
(944, '2026-06-10', 'Enrolled', 7, 151, 24),
(945, '2026-06-10', 'Enrolled', 7, 152, 17),
(946, '2026-06-10', 'Enrolled', 7, 152, 18),
(947, '2026-06-10', 'Enrolled', 7, 152, 19),
(948, '2026-06-10', 'Enrolled', 7, 152, 20),
(949, '2026-06-10', 'Enrolled', 7, 152, 21),
(950, '2026-06-10', 'Enrolled', 7, 152, 22),
(951, '2026-06-10', 'Enrolled', 7, 152, 23),
(952, '2026-06-10', 'Enrolled', 7, 152, 24),
(953, '2026-06-10', 'Enrolled', 7, 153, 17),
(954, '2026-06-10', 'Enrolled', 7, 153, 18),
(955, '2026-06-10', 'Enrolled', 7, 153, 19),
(956, '2026-06-10', 'Enrolled', 7, 153, 20),
(957, '2026-06-10', 'Enrolled', 7, 153, 21),
(958, '2026-06-10', 'Enrolled', 7, 153, 22),
(959, '2026-06-10', 'Enrolled', 7, 153, 23),
(960, '2026-06-10', 'Enrolled', 7, 153, 24),
(961, '2026-06-10', 'Enrolled', 7, 154, 25),
(962, '2026-06-10', 'Enrolled', 7, 154, 26),
(963, '2026-06-10', 'Enrolled', 7, 154, 27),
(964, '2026-06-10', 'Enrolled', 7, 154, 28),
(965, '2026-06-10', 'Enrolled', 7, 154, 29),
(966, '2026-06-10', 'Enrolled', 7, 154, 30),
(967, '2026-06-10', 'Enrolled', 7, 154, 31),
(968, '2026-06-10', 'Enrolled', 7, 154, 32),
(969, '2026-06-10', 'Enrolled', 7, 155, 25),
(970, '2026-06-10', 'Enrolled', 7, 155, 26),
(971, '2026-06-10', 'Enrolled', 7, 155, 27),
(972, '2026-06-10', 'Enrolled', 7, 155, 28),
(973, '2026-06-10', 'Enrolled', 7, 155, 29),
(974, '2026-06-10', 'Enrolled', 7, 155, 30),
(975, '2026-06-10', 'Enrolled', 7, 155, 31),
(976, '2026-06-10', 'Enrolled', 7, 155, 32),
(977, '2026-06-10', 'Enrolled', 7, 156, 25),
(978, '2026-06-10', 'Enrolled', 7, 156, 26),
(979, '2026-06-10', 'Enrolled', 7, 156, 27),
(980, '2026-06-10', 'Enrolled', 7, 156, 28),
(981, '2026-06-10', 'Enrolled', 7, 156, 29),
(982, '2026-06-10', 'Enrolled', 7, 156, 30),
(983, '2026-06-10', 'Enrolled', 7, 156, 31),
(984, '2026-06-10', 'Enrolled', 7, 156, 32),
(985, '2026-06-10', 'Enrolled', 7, 157, 25),
(986, '2026-06-10', 'Enrolled', 7, 157, 26),
(987, '2026-06-10', 'Enrolled', 7, 157, 27),
(988, '2026-06-10', 'Enrolled', 7, 157, 28),
(989, '2026-06-10', 'Enrolled', 7, 157, 29),
(990, '2026-06-10', 'Enrolled', 7, 157, 30),
(991, '2026-06-10', 'Enrolled', 7, 157, 31),
(992, '2026-06-10', 'Enrolled', 7, 157, 32),
(993, '2026-06-10', 'Enrolled', 7, 158, 25),
(994, '2026-06-10', 'Enrolled', 7, 158, 26),
(995, '2026-06-10', 'Enrolled', 7, 158, 27),
(996, '2026-06-10', 'Enrolled', 7, 158, 28),
(997, '2026-06-10', 'Enrolled', 7, 158, 29),
(998, '2026-06-10', 'Enrolled', 7, 158, 30),
(999, '2026-06-10', 'Enrolled', 7, 158, 31),
(1000, '2026-06-10', 'Enrolled', 7, 158, 32);

INSERT INTO Enrollment (
  Enrollment_ID, EnrollmentDate, EnrollmentStatus, FK_Term_ID, FK_User_ID, FK_Course_ID
) VALUES
(1001, '2026-06-10', 'Enrolled', 7, 159, 25),
(1002, '2026-06-10', 'Enrolled', 7, 159, 26),
(1003, '2026-06-10', 'Enrolled', 7, 159, 27),
(1004, '2026-06-10', 'Enrolled', 7, 159, 28),
(1005, '2026-06-10', 'Enrolled', 7, 159, 29),
(1006, '2026-06-10', 'Enrolled', 7, 159, 30),
(1007, '2026-06-10', 'Enrolled', 7, 159, 31),
(1008, '2026-06-10', 'Enrolled', 7, 159, 32),
(1009, '2026-06-10', 'Enrolled', 7, 160, 25),
(1010, '2026-06-10', 'Enrolled', 7, 160, 26),
(1011, '2026-06-10', 'Enrolled', 7, 160, 27),
(1012, '2026-06-10', 'Enrolled', 7, 160, 28),
(1013, '2026-06-10', 'Enrolled', 7, 160, 29),
(1014, '2026-06-10', 'Enrolled', 7, 160, 30),
(1015, '2026-06-10', 'Enrolled', 7, 160, 31),
(1016, '2026-06-10', 'Enrolled', 7, 160, 32),
(1017, '2026-06-10', 'Enrolled', 7, 161, 25),
(1018, '2026-06-10', 'Enrolled', 7, 161, 26),
(1019, '2026-06-10', 'Enrolled', 7, 161, 27),
(1020, '2026-06-10', 'Enrolled', 7, 161, 28),
(1021, '2026-06-10', 'Enrolled', 7, 161, 29),
(1022, '2026-06-10', 'Enrolled', 7, 161, 30),
(1023, '2026-06-10', 'Enrolled', 7, 161, 31),
(1024, '2026-06-10', 'Enrolled', 7, 161, 32),
(1025, '2026-06-10', 'Enrolled', 7, 162, 25),
(1026, '2026-06-10', 'Enrolled', 7, 162, 26),
(1027, '2026-06-10', 'Enrolled', 7, 162, 27),
(1028, '2026-06-10', 'Enrolled', 7, 162, 28),
(1029, '2026-06-10', 'Enrolled', 7, 162, 29),
(1030, '2026-06-10', 'Enrolled', 7, 162, 30),
(1031, '2026-06-10', 'Enrolled', 7, 162, 31),
(1032, '2026-06-10', 'Enrolled', 7, 162, 32),
(1033, '2026-06-10', 'Enrolled', 7, 163, 25),
(1034, '2026-06-10', 'Enrolled', 7, 163, 26),
(1035, '2026-06-10', 'Enrolled', 7, 163, 27),
(1036, '2026-06-10', 'Enrolled', 7, 163, 28),
(1037, '2026-06-10', 'Enrolled', 7, 163, 29),
(1038, '2026-06-10', 'Enrolled', 7, 163, 30),
(1039, '2026-06-10', 'Enrolled', 7, 163, 31),
(1040, '2026-06-10', 'Enrolled', 7, 163, 32),
(1041, '2026-06-10', 'Enrolled', 7, 164, 25),
(1042, '2026-06-10', 'Enrolled', 7, 164, 26),
(1043, '2026-06-10', 'Enrolled', 7, 164, 27),
(1044, '2026-06-10', 'Enrolled', 7, 164, 28),
(1045, '2026-06-10', 'Enrolled', 7, 164, 29),
(1046, '2026-06-10', 'Enrolled', 7, 164, 30),
(1047, '2026-06-10', 'Enrolled', 7, 164, 31),
(1048, '2026-06-10', 'Enrolled', 7, 164, 32),
(1049, '2026-06-10', 'Enrolled', 7, 165, 25),
(1050, '2026-06-10', 'Enrolled', 7, 165, 26),
(1051, '2026-06-10', 'Enrolled', 7, 165, 27),
(1052, '2026-06-10', 'Enrolled', 7, 165, 28),
(1053, '2026-06-10', 'Enrolled', 7, 165, 29),
(1054, '2026-06-10', 'Enrolled', 7, 165, 30),
(1055, '2026-06-10', 'Enrolled', 7, 165, 31),
(1056, '2026-06-10', 'Enrolled', 7, 165, 32),
(1057, '2026-06-10', 'Enrolled', 7, 166, 25),
(1058, '2026-06-10', 'Enrolled', 7, 166, 26),
(1059, '2026-06-10', 'Enrolled', 7, 166, 27),
(1060, '2026-06-10', 'Enrolled', 7, 166, 28),
(1061, '2026-06-10', 'Enrolled', 7, 166, 29),
(1062, '2026-06-10', 'Enrolled', 7, 166, 30),
(1063, '2026-06-10', 'Enrolled', 7, 166, 31),
(1064, '2026-06-10', 'Enrolled', 7, 166, 32),
(1065, '2026-06-10', 'Enrolled', 7, 167, 25),
(1066, '2026-06-10', 'Enrolled', 7, 167, 26),
(1067, '2026-06-10', 'Enrolled', 7, 167, 27),
(1068, '2026-06-10', 'Enrolled', 7, 167, 28),
(1069, '2026-06-10', 'Enrolled', 7, 167, 29),
(1070, '2026-06-10', 'Enrolled', 7, 167, 30),
(1071, '2026-06-10', 'Enrolled', 7, 167, 31),
(1072, '2026-06-10', 'Enrolled', 7, 167, 32),
(1073, '2026-06-10', 'Enrolled', 7, 168, 25),
(1074, '2026-06-10', 'Enrolled', 7, 168, 26),
(1075, '2026-06-10', 'Enrolled', 7, 168, 27),
(1076, '2026-06-10', 'Enrolled', 7, 168, 28),
(1077, '2026-06-10', 'Enrolled', 7, 168, 29),
(1078, '2026-06-10', 'Enrolled', 7, 168, 30),
(1079, '2026-06-10', 'Enrolled', 7, 168, 31),
(1080, '2026-06-10', 'Enrolled', 7, 168, 32),
(1081, '2026-06-10', 'Enrolled', 7, 169, 25),
(1082, '2026-06-10', 'Enrolled', 7, 169, 26),
(1083, '2026-06-10', 'Enrolled', 7, 169, 27),
(1084, '2026-06-10', 'Enrolled', 7, 169, 28),
(1085, '2026-06-10', 'Enrolled', 7, 169, 29),
(1086, '2026-06-10', 'Enrolled', 7, 169, 30),
(1087, '2026-06-10', 'Enrolled', 7, 169, 31),
(1088, '2026-06-10', 'Enrolled', 7, 169, 32),
(1089, '2026-06-10', 'Enrolled', 7, 170, 25),
(1090, '2026-06-10', 'Enrolled', 7, 170, 26),
(1091, '2026-06-10', 'Enrolled', 7, 170, 27),
(1092, '2026-06-10', 'Enrolled', 7, 170, 28),
(1093, '2026-06-10', 'Enrolled', 7, 170, 29),
(1094, '2026-06-10', 'Enrolled', 7, 170, 30),
(1095, '2026-06-10', 'Enrolled', 7, 170, 31),
(1096, '2026-06-10', 'Enrolled', 7, 170, 32),
(1097, '2026-06-10', 'Enrolled', 7, 171, 25),
(1098, '2026-06-10', 'Enrolled', 7, 171, 26),
(1099, '2026-06-10', 'Enrolled', 7, 171, 27),
(1100, '2026-06-10', 'Enrolled', 7, 171, 28),
(1101, '2026-06-10', 'Enrolled', 7, 171, 29),
(1102, '2026-06-10', 'Enrolled', 7, 171, 30),
(1103, '2026-06-10', 'Enrolled', 7, 171, 31),
(1104, '2026-06-10', 'Enrolled', 7, 171, 32),
(1105, '2026-06-10', 'Enrolled', 7, 172, 25),
(1106, '2026-06-10', 'Enrolled', 7, 172, 26),
(1107, '2026-06-10', 'Enrolled', 7, 172, 27),
(1108, '2026-06-10', 'Enrolled', 7, 172, 28),
(1109, '2026-06-10', 'Enrolled', 7, 172, 29),
(1110, '2026-06-10', 'Enrolled', 7, 172, 30),
(1111, '2026-06-10', 'Enrolled', 7, 172, 31),
(1112, '2026-06-10', 'Enrolled', 7, 172, 32),
(1113, '2026-06-10', 'Enrolled', 7, 173, 25),
(1114, '2026-06-10', 'Enrolled', 7, 173, 26),
(1115, '2026-06-10', 'Enrolled', 7, 173, 27),
(1116, '2026-06-10', 'Enrolled', 7, 173, 28),
(1117, '2026-06-10', 'Enrolled', 7, 173, 29),
(1118, '2026-06-10', 'Enrolled', 7, 173, 30),
(1119, '2026-06-10', 'Enrolled', 7, 173, 31),
(1120, '2026-06-10', 'Enrolled', 7, 173, 32),
(1121, '2026-06-10', 'Enrolled', 7, 174, 25),
(1122, '2026-06-10', 'Enrolled', 7, 174, 26),
(1123, '2026-06-10', 'Enrolled', 7, 174, 27),
(1124, '2026-06-10', 'Enrolled', 7, 174, 28),
(1125, '2026-06-10', 'Enrolled', 7, 174, 29),
(1126, '2026-06-10', 'Enrolled', 7, 174, 30),
(1127, '2026-06-10', 'Enrolled', 7, 174, 31),
(1128, '2026-06-10', 'Enrolled', 7, 174, 32),
(1129, '2026-06-10', 'Enrolled', 7, 175, 25),
(1130, '2026-06-10', 'Enrolled', 7, 175, 26),
(1131, '2026-06-10', 'Enrolled', 7, 175, 27),
(1132, '2026-06-10', 'Enrolled', 7, 175, 28),
(1133, '2026-06-10', 'Enrolled', 7, 175, 29),
(1134, '2026-06-10', 'Enrolled', 7, 175, 30),
(1135, '2026-06-10', 'Enrolled', 7, 175, 31),
(1136, '2026-06-10', 'Enrolled', 7, 175, 32),
(1137, '2026-06-10', 'Enrolled', 7, 176, 25),
(1138, '2026-06-10', 'Enrolled', 7, 176, 26),
(1139, '2026-06-10', 'Enrolled', 7, 176, 27),
(1140, '2026-06-10', 'Enrolled', 7, 176, 28),
(1141, '2026-06-10', 'Enrolled', 7, 176, 29),
(1142, '2026-06-10', 'Enrolled', 7, 176, 30),
(1143, '2026-06-10', 'Enrolled', 7, 176, 31),
(1144, '2026-06-10', 'Enrolled', 7, 176, 32),
(1145, '2026-06-10', 'Enrolled', 7, 177, 25),
(1146, '2026-06-10', 'Enrolled', 7, 177, 26),
(1147, '2026-06-10', 'Enrolled', 7, 177, 27),
(1148, '2026-06-10', 'Enrolled', 7, 177, 28),
(1149, '2026-06-10', 'Enrolled', 7, 177, 29),
(1150, '2026-06-10', 'Enrolled', 7, 177, 30),
(1151, '2026-06-10', 'Enrolled', 7, 177, 31),
(1152, '2026-06-10', 'Enrolled', 7, 177, 32),
(1153, '2026-06-10', 'Enrolled', 7, 178, 25),
(1154, '2026-06-10', 'Enrolled', 7, 178, 26),
(1155, '2026-06-10', 'Enrolled', 7, 178, 27),
(1156, '2026-06-10', 'Enrolled', 7, 178, 28),
(1157, '2026-06-10', 'Enrolled', 7, 178, 29),
(1158, '2026-06-10', 'Enrolled', 7, 178, 30),
(1159, '2026-06-10', 'Enrolled', 7, 178, 31),
(1160, '2026-06-10', 'Enrolled', 7, 178, 32),
(1161, '2026-06-10', 'Enrolled', 7, 179, 25),
(1162, '2026-06-10', 'Enrolled', 7, 179, 26),
(1163, '2026-06-10', 'Enrolled', 7, 179, 27),
(1164, '2026-06-10', 'Enrolled', 7, 179, 28),
(1165, '2026-06-10', 'Enrolled', 7, 179, 29),
(1166, '2026-06-10', 'Enrolled', 7, 179, 30),
(1167, '2026-06-10', 'Enrolled', 7, 179, 31),
(1168, '2026-06-10', 'Enrolled', 7, 179, 32),
(1169, '2026-06-10', 'Enrolled', 7, 180, 25),
(1170, '2026-06-10', 'Enrolled', 7, 180, 26),
(1171, '2026-06-10', 'Enrolled', 7, 180, 27),
(1172, '2026-06-10', 'Enrolled', 7, 180, 28),
(1173, '2026-06-10', 'Enrolled', 7, 180, 29),
(1174, '2026-06-10', 'Enrolled', 7, 180, 30),
(1175, '2026-06-10', 'Enrolled', 7, 180, 31),
(1176, '2026-06-10', 'Enrolled', 7, 180, 32),
(1177, '2026-06-10', 'Enrolled', 7, 181, 25),
(1178, '2026-06-10', 'Enrolled', 7, 181, 26),
(1179, '2026-06-10', 'Enrolled', 7, 181, 27),
(1180, '2026-06-10', 'Enrolled', 7, 181, 28),
(1181, '2026-06-10', 'Enrolled', 7, 181, 29),
(1182, '2026-06-10', 'Enrolled', 7, 181, 30),
(1183, '2026-06-10', 'Enrolled', 7, 181, 31),
(1184, '2026-06-10', 'Enrolled', 7, 181, 32),
(1185, '2026-06-10', 'Enrolled', 7, 182, 25),
(1186, '2026-06-10', 'Enrolled', 7, 182, 26),
(1187, '2026-06-10', 'Enrolled', 7, 182, 27),
(1188, '2026-06-10', 'Enrolled', 7, 182, 28),
(1189, '2026-06-10', 'Enrolled', 7, 182, 29),
(1190, '2026-06-10', 'Enrolled', 7, 182, 30),
(1191, '2026-06-10', 'Enrolled', 7, 182, 31),
(1192, '2026-06-10', 'Enrolled', 7, 182, 32),
(1193, '2026-06-10', 'Enrolled', 7, 183, 25),
(1194, '2026-06-10', 'Enrolled', 7, 183, 26),
(1195, '2026-06-10', 'Enrolled', 7, 183, 27),
(1196, '2026-06-10', 'Enrolled', 7, 183, 28),
(1197, '2026-06-10', 'Enrolled', 7, 183, 29),
(1198, '2026-06-10', 'Enrolled', 7, 183, 30),
(1199, '2026-06-10', 'Enrolled', 7, 183, 31),
(1200, '2026-06-10', 'Enrolled', 7, 183, 32);

INSERT INTO Enrollment (
  Enrollment_ID, EnrollmentDate, EnrollmentStatus, FK_Term_ID, FK_User_ID, FK_Course_ID
) VALUES
(1201, '2026-06-10', 'Enrolled', 7, 184, 25),
(1202, '2026-06-10', 'Enrolled', 7, 184, 26),
(1203, '2026-06-10', 'Enrolled', 7, 184, 27),
(1204, '2026-06-10', 'Enrolled', 7, 184, 28),
(1205, '2026-06-10', 'Enrolled', 7, 184, 29),
(1206, '2026-06-10', 'Enrolled', 7, 184, 30),
(1207, '2026-06-10', 'Enrolled', 7, 184, 31),
(1208, '2026-06-10', 'Enrolled', 7, 184, 32),
(1209, '2026-06-10', 'Enrolled', 7, 185, 25),
(1210, '2026-06-10', 'Enrolled', 7, 185, 26),
(1211, '2026-06-10', 'Enrolled', 7, 185, 27),
(1212, '2026-06-10', 'Enrolled', 7, 185, 28),
(1213, '2026-06-10', 'Enrolled', 7, 185, 29),
(1214, '2026-06-10', 'Enrolled', 7, 185, 30),
(1215, '2026-06-10', 'Enrolled', 7, 185, 31),
(1216, '2026-06-10', 'Enrolled', 7, 185, 32),
(1217, '2026-06-10', 'Enrolled', 7, 186, 25),
(1218, '2026-06-10', 'Enrolled', 7, 186, 26),
(1219, '2026-06-10', 'Enrolled', 7, 186, 27),
(1220, '2026-06-10', 'Enrolled', 7, 186, 28),
(1221, '2026-06-10', 'Enrolled', 7, 186, 29),
(1222, '2026-06-10', 'Enrolled', 7, 186, 30),
(1223, '2026-06-10', 'Enrolled', 7, 186, 31),
(1224, '2026-06-10', 'Enrolled', 7, 186, 32),
(1225, '2026-06-10', 'Enrolled', 7, 187, 25),
(1226, '2026-06-10', 'Enrolled', 7, 187, 26),
(1227, '2026-06-10', 'Enrolled', 7, 187, 27),
(1228, '2026-06-10', 'Enrolled', 7, 187, 28),
(1229, '2026-06-10', 'Enrolled', 7, 187, 29),
(1230, '2026-06-10', 'Enrolled', 7, 187, 30),
(1231, '2026-06-10', 'Enrolled', 7, 187, 31),
(1232, '2026-06-10', 'Enrolled', 7, 187, 32),
(1233, '2026-06-10', 'Enrolled', 7, 188, 25),
(1234, '2026-06-10', 'Enrolled', 7, 188, 26),
(1235, '2026-06-10', 'Enrolled', 7, 188, 27),
(1236, '2026-06-10', 'Enrolled', 7, 188, 28),
(1237, '2026-06-10', 'Enrolled', 7, 188, 29),
(1238, '2026-06-10', 'Enrolled', 7, 188, 30),
(1239, '2026-06-10', 'Enrolled', 7, 188, 31),
(1240, '2026-06-10', 'Enrolled', 7, 188, 32),
(1241, '2026-06-10', 'Enrolled', 7, 189, 25),
(1242, '2026-06-10', 'Enrolled', 7, 189, 26),
(1243, '2026-06-10', 'Enrolled', 7, 189, 27),
(1244, '2026-06-10', 'Enrolled', 7, 189, 28),
(1245, '2026-06-10', 'Enrolled', 7, 189, 29),
(1246, '2026-06-10', 'Enrolled', 7, 189, 30),
(1247, '2026-06-10', 'Enrolled', 7, 189, 31),
(1248, '2026-06-10', 'Enrolled', 7, 189, 32),
(1249, '2026-06-10', 'Enrolled', 7, 190, 25),
(1250, '2026-06-10', 'Enrolled', 7, 190, 26),
(1251, '2026-06-10', 'Enrolled', 7, 190, 27),
(1252, '2026-06-10', 'Enrolled', 7, 190, 28),
(1253, '2026-06-10', 'Enrolled', 7, 190, 29),
(1254, '2026-06-10', 'Enrolled', 7, 190, 30),
(1255, '2026-06-10', 'Enrolled', 7, 190, 31),
(1256, '2026-06-10', 'Enrolled', 7, 190, 32),
(1257, '2026-06-10', 'Enrolled', 7, 191, 25),
(1258, '2026-06-10', 'Enrolled', 7, 191, 26),
(1259, '2026-06-10', 'Enrolled', 7, 191, 27),
(1260, '2026-06-10', 'Enrolled', 7, 191, 28),
(1261, '2026-06-10', 'Enrolled', 7, 191, 29),
(1262, '2026-06-10', 'Enrolled', 7, 191, 30),
(1263, '2026-06-10', 'Enrolled', 7, 191, 31),
(1264, '2026-06-10', 'Enrolled', 7, 191, 32),
(1265, '2026-06-10', 'Enrolled', 7, 192, 25),
(1266, '2026-06-10', 'Enrolled', 7, 192, 26),
(1267, '2026-06-10', 'Enrolled', 7, 192, 27),
(1268, '2026-06-10', 'Enrolled', 7, 192, 28),
(1269, '2026-06-10', 'Enrolled', 7, 192, 29),
(1270, '2026-06-10', 'Enrolled', 7, 192, 30),
(1271, '2026-06-10', 'Enrolled', 7, 192, 31),
(1272, '2026-06-10', 'Enrolled', 7, 192, 32),
(1273, '2026-06-10', 'Enrolled', 7, 193, 25),
(1274, '2026-06-10', 'Enrolled', 7, 193, 26),
(1275, '2026-06-10', 'Enrolled', 7, 193, 27),
(1276, '2026-06-10', 'Enrolled', 7, 193, 28),
(1277, '2026-06-10', 'Enrolled', 7, 193, 29),
(1278, '2026-06-10', 'Enrolled', 7, 193, 30),
(1279, '2026-06-10', 'Enrolled', 7, 193, 31),
(1280, '2026-06-10', 'Enrolled', 7, 193, 32);

-- -----------------------------------------------------
-- CourseGrade (1 per enrollment = 1280 total)
-- -----------------------------------------------------
INSERT INTO CourseGrade (
  CourseGrade_id, FinalGrade, Remarks, DateCalculated, FK_Enrollment_ID
) VALUES
(1, 82.26, 'Passed', '2026-06-15 16:00:00', 1),
(2, 83.3, 'Passed', '2026-06-15 16:00:00', 2),
(3, 96.67, 'Passed', '2026-06-15 16:00:00', 3),
(4, 95.62, 'Passed', '2026-06-15 16:00:00', 4),
(5, 95.59, 'Passed', '2026-06-15 16:00:00', 5),
(6, 85.39, 'Passed', '2026-06-15 16:00:00', 6),
(7, 81.15, 'Passed', '2026-06-15 16:00:00', 7),
(8, 94.67, 'Passed', '2026-06-15 16:00:00', 8),
(9, 92.07, 'Passed', '2026-06-15 16:00:00', 9),
(10, 90.23, 'Passed', '2026-06-15 16:00:00', 10),
(11, 97.74, 'Passed', '2026-06-15 16:00:00', 11),
(12, 91.08, 'Passed', '2026-06-15 16:00:00', 12),
(13, 78.16, 'Passed', '2026-06-15 16:00:00', 13),
(14, 94.34, 'Passed', '2026-06-15 16:00:00', 14),
(15, 83.99, 'Passed', '2026-06-15 16:00:00', 15),
(16, 91.27, 'Passed', '2026-06-15 16:00:00', 16),
(17, 96.78, 'Passed', '2026-06-15 16:00:00', 17),
(18, 80.69, 'Passed', '2026-06-15 16:00:00', 18),
(19, 80.31, 'Passed', '2026-06-15 16:00:00', 19),
(20, 80.14, 'Passed', '2026-06-15 16:00:00', 20),
(21, 89.06, 'Passed', '2026-06-15 16:00:00', 21),
(22, 83.45, 'Passed', '2026-06-15 16:00:00', 22),
(23, 90.1, 'Passed', '2026-06-15 16:00:00', 23),
(24, 92.35, 'Passed', '2026-06-15 16:00:00', 24),
(25, 82.07, 'Passed', '2026-06-15 16:00:00', 25),
(26, 90.68, 'Passed', '2026-06-15 16:00:00', 26),
(27, 83.28, 'Passed', '2026-06-15 16:00:00', 27),
(28, 87.77, 'Passed', '2026-06-15 16:00:00', 28),
(29, 96.11, 'Passed', '2026-06-15 16:00:00', 29),
(30, 94.92, 'Passed', '2026-06-15 16:00:00', 30),
(31, 79.85, 'Passed', '2026-06-15 16:00:00', 31),
(32, 86.47, 'Passed', '2026-06-15 16:00:00', 32),
(33, 83.53, 'Passed', '2026-06-15 16:00:00', 33),
(34, 78.07, 'Passed', '2026-06-15 16:00:00', 34),
(35, 93.42, 'Passed', '2026-06-15 16:00:00', 35),
(36, 90.74, 'Passed', '2026-06-15 16:00:00', 36),
(37, 83.24, 'Passed', '2026-06-15 16:00:00', 37),
(38, 92.82, 'Passed', '2026-06-15 16:00:00', 38),
(39, 89.03, 'Passed', '2026-06-15 16:00:00', 39),
(40, 86.55, 'Passed', '2026-06-15 16:00:00', 40),
(41, 78.19, 'Passed', '2026-06-15 16:00:00', 41),
(42, 79.5, 'Passed', '2026-06-15 16:00:00', 42),
(43, 95.66, 'Passed', '2026-06-15 16:00:00', 43),
(44, 96.08, 'Passed', '2026-06-15 16:00:00', 44),
(45, 88.91, 'Passed', '2026-06-15 16:00:00', 45),
(46, 94.69, 'Passed', '2026-06-15 16:00:00', 46),
(47, 89.65, 'Passed', '2026-06-15 16:00:00', 47),
(48, 80.96, 'Passed', '2026-06-15 16:00:00', 48),
(49, 80.55, 'Passed', '2026-06-15 16:00:00', 49),
(50, 84.17, 'Passed', '2026-06-15 16:00:00', 50),
(51, 95.98, 'Passed', '2026-06-15 16:00:00', 51),
(52, 93.92, 'Passed', '2026-06-15 16:00:00', 52),
(53, 95.21, 'Passed', '2026-06-15 16:00:00', 53),
(54, 95.98, 'Passed', '2026-06-15 16:00:00', 54),
(55, 82.2, 'Passed', '2026-06-15 16:00:00', 55),
(56, 82.99, 'Passed', '2026-06-15 16:00:00', 56),
(57, 80.06, 'Passed', '2026-06-15 16:00:00', 57),
(58, 93.6, 'Passed', '2026-06-15 16:00:00', 58),
(59, 95.68, 'Passed', '2026-06-15 16:00:00', 59),
(60, 86.13, 'Passed', '2026-06-15 16:00:00', 60),
(61, 90.41, 'Passed', '2026-06-15 16:00:00', 61),
(62, 81.09, 'Passed', '2026-06-15 16:00:00', 62),
(63, 96.6, 'Passed', '2026-06-15 16:00:00', 63),
(64, 95.29, 'Passed', '2026-06-15 16:00:00', 64),
(65, 97.52, 'Passed', '2026-06-15 16:00:00', 65),
(66, 94.22, 'Passed', '2026-06-15 16:00:00', 66),
(67, 95.63, 'Passed', '2026-06-15 16:00:00', 67),
(68, 78.5, 'Passed', '2026-06-15 16:00:00', 68),
(69, 92.73, 'Passed', '2026-06-15 16:00:00', 69),
(70, 84.64, 'Passed', '2026-06-15 16:00:00', 70),
(71, 96.62, 'Passed', '2026-06-15 16:00:00', 71),
(72, 94.04, 'Passed', '2026-06-15 16:00:00', 72),
(73, 95.28, 'Passed', '2026-06-15 16:00:00', 73),
(74, 94.21, 'Passed', '2026-06-15 16:00:00', 74),
(75, 83.34, 'Passed', '2026-06-15 16:00:00', 75),
(76, 93.75, 'Passed', '2026-06-15 16:00:00', 76),
(77, 80.16, 'Passed', '2026-06-15 16:00:00', 77),
(78, 95.44, 'Passed', '2026-06-15 16:00:00', 78),
(79, 95.17, 'Passed', '2026-06-15 16:00:00', 79),
(80, 82.45, 'Passed', '2026-06-15 16:00:00', 80),
(81, 94.33, 'Passed', '2026-06-15 16:00:00', 81),
(82, 87.21, 'Passed', '2026-06-15 16:00:00', 82),
(83, 84.1, 'Passed', '2026-06-15 16:00:00', 83),
(84, 93.91, 'Passed', '2026-06-15 16:00:00', 84),
(85, 82.55, 'Passed', '2026-06-15 16:00:00', 85),
(86, 78.47, 'Passed', '2026-06-15 16:00:00', 86),
(87, 81.86, 'Passed', '2026-06-15 16:00:00', 87),
(88, 84.57, 'Passed', '2026-06-15 16:00:00', 88),
(89, 95.29, 'Passed', '2026-06-15 16:00:00', 89),
(90, 97.34, 'Passed', '2026-06-15 16:00:00', 90),
(91, 83.58, 'Passed', '2026-06-15 16:00:00', 91),
(92, 90.83, 'Passed', '2026-06-15 16:00:00', 92),
(93, 85.99, 'Passed', '2026-06-15 16:00:00', 93),
(94, 97.62, 'Passed', '2026-06-15 16:00:00', 94),
(95, 88.72, 'Passed', '2026-06-15 16:00:00', 95),
(96, 96.78, 'Passed', '2026-06-15 16:00:00', 96),
(97, 80.31, 'Passed', '2026-06-15 16:00:00', 97),
(98, 97.41, 'Passed', '2026-06-15 16:00:00', 98),
(99, 81.57, 'Passed', '2026-06-15 16:00:00', 99),
(100, 97.25, 'Passed', '2026-06-15 16:00:00', 100),
(101, 83.31, 'Passed', '2026-06-15 16:00:00', 101),
(102, 80.17, 'Passed', '2026-06-15 16:00:00', 102),
(103, 86.69, 'Passed', '2026-06-15 16:00:00', 103),
(104, 92.57, 'Passed', '2026-06-15 16:00:00', 104),
(105, 84.27, 'Passed', '2026-06-15 16:00:00', 105),
(106, 90.12, 'Passed', '2026-06-15 16:00:00', 106),
(107, 88.23, 'Passed', '2026-06-15 16:00:00', 107),
(108, 85.7, 'Passed', '2026-06-15 16:00:00', 108),
(109, 89.53, 'Passed', '2026-06-15 16:00:00', 109),
(110, 83.09, 'Passed', '2026-06-15 16:00:00', 110),
(111, 92.18, 'Passed', '2026-06-15 16:00:00', 111),
(112, 78.03, 'Passed', '2026-06-15 16:00:00', 112),
(113, 96.51, 'Passed', '2026-06-15 16:00:00', 113),
(114, 88.77, 'Passed', '2026-06-15 16:00:00', 114),
(115, 92.39, 'Passed', '2026-06-15 16:00:00', 115),
(116, 92.84, 'Passed', '2026-06-15 16:00:00', 116),
(117, 91.41, 'Passed', '2026-06-15 16:00:00', 117),
(118, 85.28, 'Passed', '2026-06-15 16:00:00', 118),
(119, 79.4, 'Passed', '2026-06-15 16:00:00', 119),
(120, 91.28, 'Passed', '2026-06-15 16:00:00', 120),
(121, 84.6, 'Passed', '2026-06-15 16:00:00', 121),
(122, 84.28, 'Passed', '2026-06-15 16:00:00', 122),
(123, 94.96, 'Passed', '2026-06-15 16:00:00', 123),
(124, 92.4, 'Passed', '2026-06-15 16:00:00', 124),
(125, 84.01, 'Passed', '2026-06-15 16:00:00', 125),
(126, 84.19, 'Passed', '2026-06-15 16:00:00', 126),
(127, 86.17, 'Passed', '2026-06-15 16:00:00', 127),
(128, 86.05, 'Passed', '2026-06-15 16:00:00', 128),
(129, 83.91, 'Passed', '2026-06-15 16:00:00', 129),
(130, 80.55, 'Passed', '2026-06-15 16:00:00', 130),
(131, 86.41, 'Passed', '2026-06-15 16:00:00', 131),
(132, 96.81, 'Passed', '2026-06-15 16:00:00', 132),
(133, 91.55, 'Passed', '2026-06-15 16:00:00', 133),
(134, 96.06, 'Passed', '2026-06-15 16:00:00', 134),
(135, 90.31, 'Passed', '2026-06-15 16:00:00', 135),
(136, 84.02, 'Passed', '2026-06-15 16:00:00', 136),
(137, 88.96, 'Passed', '2026-06-15 16:00:00', 137),
(138, 78.01, 'Passed', '2026-06-15 16:00:00', 138),
(139, 83.74, 'Passed', '2026-06-15 16:00:00', 139),
(140, 86.6, 'Passed', '2026-06-15 16:00:00', 140),
(141, 89.6, 'Passed', '2026-06-15 16:00:00', 141),
(142, 91.09, 'Passed', '2026-06-15 16:00:00', 142),
(143, 87.3, 'Passed', '2026-06-15 16:00:00', 143),
(144, 86.84, 'Passed', '2026-06-15 16:00:00', 144),
(145, 82.27, 'Passed', '2026-06-15 16:00:00', 145),
(146, 87.46, 'Passed', '2026-06-15 16:00:00', 146),
(147, 96.02, 'Passed', '2026-06-15 16:00:00', 147),
(148, 93.92, 'Passed', '2026-06-15 16:00:00', 148),
(149, 81.39, 'Passed', '2026-06-15 16:00:00', 149),
(150, 79.7, 'Passed', '2026-06-15 16:00:00', 150),
(151, 88.31, 'Passed', '2026-06-15 16:00:00', 151),
(152, 90.66, 'Passed', '2026-06-15 16:00:00', 152),
(153, 84.7, 'Passed', '2026-06-15 16:00:00', 153),
(154, 94.37, 'Passed', '2026-06-15 16:00:00', 154),
(155, 93.02, 'Passed', '2026-06-15 16:00:00', 155),
(156, 91.46, 'Passed', '2026-06-15 16:00:00', 156),
(157, 82.49, 'Passed', '2026-06-15 16:00:00', 157),
(158, 81.98, 'Passed', '2026-06-15 16:00:00', 158),
(159, 78.49, 'Passed', '2026-06-15 16:00:00', 159),
(160, 82.9, 'Passed', '2026-06-15 16:00:00', 160),
(161, 87.5, 'Passed', '2026-06-15 16:00:00', 161),
(162, 94.99, 'Passed', '2026-06-15 16:00:00', 162),
(163, 79.46, 'Passed', '2026-06-15 16:00:00', 163),
(164, 86.29, 'Passed', '2026-06-15 16:00:00', 164),
(165, 90.6, 'Passed', '2026-06-15 16:00:00', 165),
(166, 81.89, 'Passed', '2026-06-15 16:00:00', 166),
(167, 91.93, 'Passed', '2026-06-15 16:00:00', 167),
(168, 87.89, 'Passed', '2026-06-15 16:00:00', 168),
(169, 82.88, 'Passed', '2026-06-15 16:00:00', 169),
(170, 91.12, 'Passed', '2026-06-15 16:00:00', 170),
(171, 78.11, 'Passed', '2026-06-15 16:00:00', 171),
(172, 93.02, 'Passed', '2026-06-15 16:00:00', 172),
(173, 93.4, 'Passed', '2026-06-15 16:00:00', 173),
(174, 80.13, 'Passed', '2026-06-15 16:00:00', 174),
(175, 86.5, 'Passed', '2026-06-15 16:00:00', 175),
(176, 81.52, 'Passed', '2026-06-15 16:00:00', 176),
(177, 97.16, 'Passed', '2026-06-15 16:00:00', 177),
(178, 88.36, 'Passed', '2026-06-15 16:00:00', 178),
(179, 79.0, 'Passed', '2026-06-15 16:00:00', 179),
(180, 82.98, 'Passed', '2026-06-15 16:00:00', 180),
(181, 94.97, 'Passed', '2026-06-15 16:00:00', 181),
(182, 87.13, 'Passed', '2026-06-15 16:00:00', 182),
(183, 94.03, 'Passed', '2026-06-15 16:00:00', 183),
(184, 91.35, 'Passed', '2026-06-15 16:00:00', 184),
(185, 97.76, 'Passed', '2026-06-15 16:00:00', 185),
(186, 89.91, 'Passed', '2026-06-15 16:00:00', 186),
(187, 97.0, 'Passed', '2026-06-15 16:00:00', 187),
(188, 95.83, 'Passed', '2026-06-15 16:00:00', 188),
(189, 90.25, 'Passed', '2026-06-15 16:00:00', 189),
(190, 92.39, 'Passed', '2026-06-15 16:00:00', 190),
(191, 88.1, 'Passed', '2026-06-15 16:00:00', 191),
(192, 94.61, 'Passed', '2026-06-15 16:00:00', 192),
(193, 88.96, 'Passed', '2026-06-15 16:00:00', 193),
(194, 95.94, 'Passed', '2026-06-15 16:00:00', 194),
(195, 92.87, 'Passed', '2026-06-15 16:00:00', 195),
(196, 87.49, 'Passed', '2026-06-15 16:00:00', 196),
(197, 83.18, 'Passed', '2026-06-15 16:00:00', 197),
(198, 82.94, 'Passed', '2026-06-15 16:00:00', 198),
(199, 90.75, 'Passed', '2026-06-15 16:00:00', 199),
(200, 93.32, 'Passed', '2026-06-15 16:00:00', 200);

INSERT INTO CourseGrade (
  CourseGrade_id, FinalGrade, Remarks, DateCalculated, FK_Enrollment_ID
) VALUES
(201, 88.43, 'Passed', '2026-06-15 16:00:00', 201),
(202, 90.53, 'Passed', '2026-06-15 16:00:00', 202),
(203, 83.49, 'Passed', '2026-06-15 16:00:00', 203),
(204, 79.55, 'Passed', '2026-06-15 16:00:00', 204),
(205, 83.71, 'Passed', '2026-06-15 16:00:00', 205),
(206, 83.43, 'Passed', '2026-06-15 16:00:00', 206),
(207, 84.39, 'Passed', '2026-06-15 16:00:00', 207),
(208, 88.8, 'Passed', '2026-06-15 16:00:00', 208),
(209, 80.77, 'Passed', '2026-06-15 16:00:00', 209),
(210, 82.63, 'Passed', '2026-06-15 16:00:00', 210),
(211, 91.88, 'Passed', '2026-06-15 16:00:00', 211),
(212, 92.13, 'Passed', '2026-06-15 16:00:00', 212),
(213, 79.28, 'Passed', '2026-06-15 16:00:00', 213),
(214, 86.15, 'Passed', '2026-06-15 16:00:00', 214),
(215, 88.85, 'Passed', '2026-06-15 16:00:00', 215),
(216, 86.32, 'Passed', '2026-06-15 16:00:00', 216),
(217, 82.14, 'Passed', '2026-06-15 16:00:00', 217),
(218, 86.4, 'Passed', '2026-06-15 16:00:00', 218),
(219, 96.1, 'Passed', '2026-06-15 16:00:00', 219),
(220, 89.68, 'Passed', '2026-06-15 16:00:00', 220),
(221, 91.91, 'Passed', '2026-06-15 16:00:00', 221),
(222, 95.13, 'Passed', '2026-06-15 16:00:00', 222),
(223, 93.31, 'Passed', '2026-06-15 16:00:00', 223),
(224, 85.61, 'Passed', '2026-06-15 16:00:00', 224),
(225, 78.12, 'Passed', '2026-06-15 16:00:00', 225),
(226, 85.04, 'Passed', '2026-06-15 16:00:00', 226),
(227, 93.07, 'Passed', '2026-06-15 16:00:00', 227),
(228, 95.07, 'Passed', '2026-06-15 16:00:00', 228),
(229, 97.07, 'Passed', '2026-06-15 16:00:00', 229),
(230, 86.38, 'Passed', '2026-06-15 16:00:00', 230),
(231, 92.95, 'Passed', '2026-06-15 16:00:00', 231),
(232, 88.92, 'Passed', '2026-06-15 16:00:00', 232),
(233, 90.07, 'Passed', '2026-06-15 16:00:00', 233),
(234, 82.41, 'Passed', '2026-06-15 16:00:00', 234),
(235, 82.39, 'Passed', '2026-06-15 16:00:00', 235),
(236, 86.72, 'Passed', '2026-06-15 16:00:00', 236),
(237, 78.58, 'Passed', '2026-06-15 16:00:00', 237),
(238, 84.72, 'Passed', '2026-06-15 16:00:00', 238),
(239, 91.58, 'Passed', '2026-06-15 16:00:00', 239),
(240, 86.09, 'Passed', '2026-06-15 16:00:00', 240),
(241, 81.3, 'Passed', '2026-06-15 16:00:00', 241),
(242, 87.35, 'Passed', '2026-06-15 16:00:00', 242),
(243, 80.55, 'Passed', '2026-06-15 16:00:00', 243),
(244, 90.45, 'Passed', '2026-06-15 16:00:00', 244),
(245, 78.54, 'Passed', '2026-06-15 16:00:00', 245),
(246, 85.88, 'Passed', '2026-06-15 16:00:00', 246),
(247, 89.29, 'Passed', '2026-06-15 16:00:00', 247),
(248, 78.54, 'Passed', '2026-06-15 16:00:00', 248),
(249, 90.85, 'Passed', '2026-06-15 16:00:00', 249),
(250, 80.71, 'Passed', '2026-06-15 16:00:00', 250),
(251, 87.23, 'Passed', '2026-06-15 16:00:00', 251),
(252, 79.01, 'Passed', '2026-06-15 16:00:00', 252),
(253, 85.58, 'Passed', '2026-06-15 16:00:00', 253),
(254, 82.23, 'Passed', '2026-06-15 16:00:00', 254),
(255, 84.54, 'Passed', '2026-06-15 16:00:00', 255),
(256, 93.22, 'Passed', '2026-06-15 16:00:00', 256),
(257, 85.58, 'Passed', '2026-06-15 16:00:00', 257),
(258, 93.04, 'Passed', '2026-06-15 16:00:00', 258),
(259, 94.64, 'Passed', '2026-06-15 16:00:00', 259),
(260, 83.05, 'Passed', '2026-06-15 16:00:00', 260),
(261, 79.64, 'Passed', '2026-06-15 16:00:00', 261),
(262, 78.39, 'Passed', '2026-06-15 16:00:00', 262),
(263, 88.79, 'Passed', '2026-06-15 16:00:00', 263),
(264, 98.0, 'Passed', '2026-06-15 16:00:00', 264),
(265, 85.0, 'Passed', '2026-06-15 16:00:00', 265),
(266, 91.0, 'Passed', '2026-06-15 16:00:00', 266),
(267, 93.62, 'Passed', '2026-06-15 16:00:00', 267),
(268, 91.04, 'Passed', '2026-06-15 16:00:00', 268),
(269, 93.08, 'Passed', '2026-06-15 16:00:00', 269),
(270, 96.99, 'Passed', '2026-06-15 16:00:00', 270),
(271, 81.99, 'Passed', '2026-06-15 16:00:00', 271),
(272, 78.41, 'Passed', '2026-06-15 16:00:00', 272),
(273, 81.05, 'Passed', '2026-06-15 16:00:00', 273),
(274, 80.52, 'Passed', '2026-06-15 16:00:00', 274),
(275, 91.39, 'Passed', '2026-06-15 16:00:00', 275),
(276, 89.28, 'Passed', '2026-06-15 16:00:00', 276),
(277, 82.36, 'Passed', '2026-06-15 16:00:00', 277),
(278, 91.99, 'Passed', '2026-06-15 16:00:00', 278),
(279, 93.34, 'Passed', '2026-06-15 16:00:00', 279),
(280, 81.36, 'Passed', '2026-06-15 16:00:00', 280),
(281, 90.14, 'Passed', '2026-06-15 16:00:00', 281),
(282, 92.96, 'Passed', '2026-06-15 16:00:00', 282),
(283, 80.29, 'Passed', '2026-06-15 16:00:00', 283),
(284, 94.39, 'Passed', '2026-06-15 16:00:00', 284),
(285, 97.29, 'Passed', '2026-06-15 16:00:00', 285),
(286, 80.16, 'Passed', '2026-06-15 16:00:00', 286),
(287, 78.51, 'Passed', '2026-06-15 16:00:00', 287),
(288, 84.24, 'Passed', '2026-06-15 16:00:00', 288),
(289, 91.55, 'Passed', '2026-06-15 16:00:00', 289),
(290, 97.16, 'Passed', '2026-06-15 16:00:00', 290),
(291, 85.93, 'Passed', '2026-06-15 16:00:00', 291),
(292, 92.3, 'Passed', '2026-06-15 16:00:00', 292),
(293, 79.52, 'Passed', '2026-06-15 16:00:00', 293),
(294, 91.81, 'Passed', '2026-06-15 16:00:00', 294),
(295, 90.54, 'Passed', '2026-06-15 16:00:00', 295),
(296, 80.04, 'Passed', '2026-06-15 16:00:00', 296),
(297, 93.45, 'Passed', '2026-06-15 16:00:00', 297),
(298, 95.01, 'Passed', '2026-06-15 16:00:00', 298),
(299, 90.01, 'Passed', '2026-06-15 16:00:00', 299),
(300, 80.42, 'Passed', '2026-06-15 16:00:00', 300),
(301, 97.68, 'Passed', '2026-06-15 16:00:00', 301),
(302, 93.65, 'Passed', '2026-06-15 16:00:00', 302),
(303, 84.94, 'Passed', '2026-06-15 16:00:00', 303),
(304, 86.57, 'Passed', '2026-06-15 16:00:00', 304),
(305, 85.41, 'Passed', '2026-06-15 16:00:00', 305),
(306, 88.12, 'Passed', '2026-06-15 16:00:00', 306),
(307, 84.82, 'Passed', '2026-06-15 16:00:00', 307),
(308, 94.99, 'Passed', '2026-06-15 16:00:00', 308),
(309, 94.45, 'Passed', '2026-06-15 16:00:00', 309),
(310, 80.11, 'Passed', '2026-06-15 16:00:00', 310),
(311, 97.22, 'Passed', '2026-06-15 16:00:00', 311),
(312, 90.71, 'Passed', '2026-06-15 16:00:00', 312),
(313, 94.57, 'Passed', '2026-06-15 16:00:00', 313),
(314, 92.15, 'Passed', '2026-06-15 16:00:00', 314),
(315, 86.71, 'Passed', '2026-06-15 16:00:00', 315),
(316, 92.68, 'Passed', '2026-06-15 16:00:00', 316),
(317, 97.31, 'Passed', '2026-06-15 16:00:00', 317),
(318, 83.4, 'Passed', '2026-06-15 16:00:00', 318),
(319, 94.16, 'Passed', '2026-06-15 16:00:00', 319),
(320, 88.76, 'Passed', '2026-06-15 16:00:00', 320),
(321, 87.67, 'Passed', '2026-06-15 16:00:00', 321),
(322, 86.71, 'Passed', '2026-06-15 16:00:00', 322),
(323, 92.62, 'Passed', '2026-06-15 16:00:00', 323),
(324, 83.37, 'Passed', '2026-06-15 16:00:00', 324),
(325, 95.03, 'Passed', '2026-06-15 16:00:00', 325),
(326, 94.61, 'Passed', '2026-06-15 16:00:00', 326),
(327, 79.73, 'Passed', '2026-06-15 16:00:00', 327),
(328, 95.63, 'Passed', '2026-06-15 16:00:00', 328),
(329, 82.88, 'Passed', '2026-06-15 16:00:00', 329),
(330, 87.29, 'Passed', '2026-06-15 16:00:00', 330),
(331, 90.21, 'Passed', '2026-06-15 16:00:00', 331),
(332, 85.58, 'Passed', '2026-06-15 16:00:00', 332),
(333, 78.57, 'Passed', '2026-06-15 16:00:00', 333),
(334, 95.02, 'Passed', '2026-06-15 16:00:00', 334),
(335, 81.64, 'Passed', '2026-06-15 16:00:00', 335),
(336, 82.24, 'Passed', '2026-06-15 16:00:00', 336),
(337, 93.96, 'Passed', '2026-06-15 16:00:00', 337),
(338, 84.81, 'Passed', '2026-06-15 16:00:00', 338),
(339, 95.61, 'Passed', '2026-06-15 16:00:00', 339),
(340, 92.02, 'Passed', '2026-06-15 16:00:00', 340),
(341, 83.53, 'Passed', '2026-06-15 16:00:00', 341),
(342, 78.2, 'Passed', '2026-06-15 16:00:00', 342),
(343, 96.96, 'Passed', '2026-06-15 16:00:00', 343),
(344, 79.71, 'Passed', '2026-06-15 16:00:00', 344),
(345, 92.4, 'Passed', '2026-06-15 16:00:00', 345),
(346, 87.77, 'Passed', '2026-06-15 16:00:00', 346),
(347, 93.16, 'Passed', '2026-06-15 16:00:00', 347),
(348, 91.81, 'Passed', '2026-06-15 16:00:00', 348),
(349, 90.92, 'Passed', '2026-06-15 16:00:00', 349),
(350, 87.82, 'Passed', '2026-06-15 16:00:00', 350),
(351, 93.86, 'Passed', '2026-06-15 16:00:00', 351),
(352, 79.86, 'Passed', '2026-06-15 16:00:00', 352),
(353, 82.43, 'Passed', '2026-06-15 16:00:00', 353),
(354, 91.84, 'Passed', '2026-06-15 16:00:00', 354),
(355, 84.12, 'Passed', '2026-06-15 16:00:00', 355),
(356, 89.63, 'Passed', '2026-06-15 16:00:00', 356),
(357, 87.47, 'Passed', '2026-06-15 16:00:00', 357),
(358, 88.62, 'Passed', '2026-06-15 16:00:00', 358),
(359, 86.51, 'Passed', '2026-06-15 16:00:00', 359),
(360, 92.92, 'Passed', '2026-06-15 16:00:00', 360),
(361, 84.62, 'Passed', '2026-06-15 16:00:00', 361),
(362, 92.06, 'Passed', '2026-06-15 16:00:00', 362),
(363, 83.42, 'Passed', '2026-06-15 16:00:00', 363),
(364, 83.03, 'Passed', '2026-06-15 16:00:00', 364),
(365, 80.41, 'Passed', '2026-06-15 16:00:00', 365),
(366, 81.85, 'Passed', '2026-06-15 16:00:00', 366),
(367, 80.39, 'Passed', '2026-06-15 16:00:00', 367),
(368, 88.72, 'Passed', '2026-06-15 16:00:00', 368),
(369, 93.24, 'Passed', '2026-06-15 16:00:00', 369),
(370, 81.7, 'Passed', '2026-06-15 16:00:00', 370),
(371, 82.33, 'Passed', '2026-06-15 16:00:00', 371),
(372, 87.68, 'Passed', '2026-06-15 16:00:00', 372),
(373, 92.49, 'Passed', '2026-06-15 16:00:00', 373),
(374, 97.53, 'Passed', '2026-06-15 16:00:00', 374),
(375, 88.49, 'Passed', '2026-06-15 16:00:00', 375),
(376, 83.66, 'Passed', '2026-06-15 16:00:00', 376),
(377, 80.01, 'Passed', '2026-06-15 16:00:00', 377),
(378, 81.88, 'Passed', '2026-06-15 16:00:00', 378),
(379, 82.55, 'Passed', '2026-06-15 16:00:00', 379),
(380, 81.59, 'Passed', '2026-06-15 16:00:00', 380),
(381, 78.28, 'Passed', '2026-06-15 16:00:00', 381),
(382, 88.68, 'Passed', '2026-06-15 16:00:00', 382),
(383, 83.49, 'Passed', '2026-06-15 16:00:00', 383),
(384, 97.49, 'Passed', '2026-06-15 16:00:00', 384),
(385, 89.07, 'Passed', '2026-06-15 16:00:00', 385),
(386, 91.95, 'Passed', '2026-06-15 16:00:00', 386),
(387, 80.53, 'Passed', '2026-06-15 16:00:00', 387),
(388, 95.37, 'Passed', '2026-06-15 16:00:00', 388),
(389, 87.82, 'Passed', '2026-06-15 16:00:00', 389),
(390, 95.45, 'Passed', '2026-06-15 16:00:00', 390),
(391, 89.48, 'Passed', '2026-06-15 16:00:00', 391),
(392, 87.39, 'Passed', '2026-06-15 16:00:00', 392),
(393, 86.81, 'Passed', '2026-06-15 16:00:00', 393),
(394, 81.69, 'Passed', '2026-06-15 16:00:00', 394),
(395, 79.03, 'Passed', '2026-06-15 16:00:00', 395),
(396, 96.82, 'Passed', '2026-06-15 16:00:00', 396),
(397, 87.55, 'Passed', '2026-06-15 16:00:00', 397),
(398, 94.44, 'Passed', '2026-06-15 16:00:00', 398),
(399, 86.01, 'Passed', '2026-06-15 16:00:00', 399),
(400, 79.48, 'Passed', '2026-06-15 16:00:00', 400);

INSERT INTO CourseGrade (
  CourseGrade_id, FinalGrade, Remarks, DateCalculated, FK_Enrollment_ID
) VALUES
(401, 90.59, 'Passed', '2026-06-15 16:00:00', 401),
(402, 79.07, 'Passed', '2026-06-15 16:00:00', 402),
(403, 80.98, 'Passed', '2026-06-15 16:00:00', 403),
(404, 89.26, 'Passed', '2026-06-15 16:00:00', 404),
(405, 84.08, 'Passed', '2026-06-15 16:00:00', 405),
(406, 97.88, 'Passed', '2026-06-15 16:00:00', 406),
(407, 80.37, 'Passed', '2026-06-15 16:00:00', 407),
(408, 93.29, 'Passed', '2026-06-15 16:00:00', 408),
(409, 90.13, 'Passed', '2026-06-15 16:00:00', 409),
(410, 93.81, 'Passed', '2026-06-15 16:00:00', 410),
(411, 82.51, 'Passed', '2026-06-15 16:00:00', 411),
(412, 88.45, 'Passed', '2026-06-15 16:00:00', 412),
(413, 87.01, 'Passed', '2026-06-15 16:00:00', 413),
(414, 86.85, 'Passed', '2026-06-15 16:00:00', 414),
(415, 95.2, 'Passed', '2026-06-15 16:00:00', 415),
(416, 97.8, 'Passed', '2026-06-15 16:00:00', 416),
(417, 84.11, 'Passed', '2026-06-15 16:00:00', 417),
(418, 90.42, 'Passed', '2026-06-15 16:00:00', 418),
(419, 90.19, 'Passed', '2026-06-15 16:00:00', 419),
(420, 92.8, 'Passed', '2026-06-15 16:00:00', 420),
(421, 96.95, 'Passed', '2026-06-15 16:00:00', 421),
(422, 82.16, 'Passed', '2026-06-15 16:00:00', 422),
(423, 82.22, 'Passed', '2026-06-15 16:00:00', 423),
(424, 91.21, 'Passed', '2026-06-15 16:00:00', 424),
(425, 81.14, 'Passed', '2026-06-15 16:00:00', 425),
(426, 81.48, 'Passed', '2026-06-15 16:00:00', 426),
(427, 79.5, 'Passed', '2026-06-15 16:00:00', 427),
(428, 78.05, 'Passed', '2026-06-15 16:00:00', 428),
(429, 87.01, 'Passed', '2026-06-15 16:00:00', 429),
(430, 89.88, 'Passed', '2026-06-15 16:00:00', 430),
(431, 83.83, 'Passed', '2026-06-15 16:00:00', 431),
(432, 82.63, 'Passed', '2026-06-15 16:00:00', 432),
(433, 92.14, 'Passed', '2026-06-15 16:00:00', 433),
(434, 92.06, 'Passed', '2026-06-15 16:00:00', 434),
(435, 87.08, 'Passed', '2026-06-15 16:00:00', 435),
(436, 91.75, 'Passed', '2026-06-15 16:00:00', 436),
(437, 96.48, 'Passed', '2026-06-15 16:00:00', 437),
(438, 93.76, 'Passed', '2026-06-15 16:00:00', 438),
(439, 90.5, 'Passed', '2026-06-15 16:00:00', 439),
(440, 91.22, 'Passed', '2026-06-15 16:00:00', 440),
(441, 96.67, 'Passed', '2026-06-15 16:00:00', 441),
(442, 86.5, 'Passed', '2026-06-15 16:00:00', 442),
(443, 88.89, 'Passed', '2026-06-15 16:00:00', 443),
(444, 90.95, 'Passed', '2026-06-15 16:00:00', 444),
(445, 96.17, 'Passed', '2026-06-15 16:00:00', 445),
(446, 94.53, 'Passed', '2026-06-15 16:00:00', 446),
(447, 79.43, 'Passed', '2026-06-15 16:00:00', 447),
(448, 81.32, 'Passed', '2026-06-15 16:00:00', 448),
(449, 84.15, 'Passed', '2026-06-15 16:00:00', 449),
(450, 92.98, 'Passed', '2026-06-15 16:00:00', 450),
(451, 89.38, 'Passed', '2026-06-15 16:00:00', 451),
(452, 83.77, 'Passed', '2026-06-15 16:00:00', 452),
(453, 80.49, 'Passed', '2026-06-15 16:00:00', 453),
(454, 91.77, 'Passed', '2026-06-15 16:00:00', 454),
(455, 91.99, 'Passed', '2026-06-15 16:00:00', 455),
(456, 96.85, 'Passed', '2026-06-15 16:00:00', 456),
(457, 88.01, 'Passed', '2026-06-15 16:00:00', 457),
(458, 87.88, 'Passed', '2026-06-15 16:00:00', 458),
(459, 79.61, 'Passed', '2026-06-15 16:00:00', 459),
(460, 78.8, 'Passed', '2026-06-15 16:00:00', 460),
(461, 86.64, 'Passed', '2026-06-15 16:00:00', 461),
(462, 84.45, 'Passed', '2026-06-15 16:00:00', 462),
(463, 83.01, 'Passed', '2026-06-15 16:00:00', 463),
(464, 79.83, 'Passed', '2026-06-15 16:00:00', 464),
(465, 97.24, 'Passed', '2026-06-15 16:00:00', 465),
(466, 94.72, 'Passed', '2026-06-15 16:00:00', 466),
(467, 89.5, 'Passed', '2026-06-15 16:00:00', 467),
(468, 97.02, 'Passed', '2026-06-15 16:00:00', 468),
(469, 97.99, 'Passed', '2026-06-15 16:00:00', 469),
(470, 91.45, 'Passed', '2026-06-15 16:00:00', 470),
(471, 83.39, 'Passed', '2026-06-15 16:00:00', 471),
(472, 78.8, 'Passed', '2026-06-15 16:00:00', 472),
(473, 93.13, 'Passed', '2026-06-15 16:00:00', 473),
(474, 87.41, 'Passed', '2026-06-15 16:00:00', 474),
(475, 91.03, 'Passed', '2026-06-15 16:00:00', 475),
(476, 96.32, 'Passed', '2026-06-15 16:00:00', 476),
(477, 81.63, 'Passed', '2026-06-15 16:00:00', 477),
(478, 89.71, 'Passed', '2026-06-15 16:00:00', 478),
(479, 90.7, 'Passed', '2026-06-15 16:00:00', 479),
(480, 87.83, 'Passed', '2026-06-15 16:00:00', 480),
(481, 79.82, 'Passed', '2026-06-15 16:00:00', 481),
(482, 84.96, 'Passed', '2026-06-15 16:00:00', 482),
(483, 84.67, 'Passed', '2026-06-15 16:00:00', 483),
(484, 91.4, 'Passed', '2026-06-15 16:00:00', 484),
(485, 95.15, 'Passed', '2026-06-15 16:00:00', 485),
(486, 84.6, 'Passed', '2026-06-15 16:00:00', 486),
(487, 91.87, 'Passed', '2026-06-15 16:00:00', 487),
(488, 83.76, 'Passed', '2026-06-15 16:00:00', 488),
(489, 96.9, 'Passed', '2026-06-15 16:00:00', 489),
(490, 94.27, 'Passed', '2026-06-15 16:00:00', 490),
(491, 89.0, 'Passed', '2026-06-15 16:00:00', 491),
(492, 87.1, 'Passed', '2026-06-15 16:00:00', 492),
(493, 84.29, 'Passed', '2026-06-15 16:00:00', 493),
(494, 84.47, 'Passed', '2026-06-15 16:00:00', 494),
(495, 97.4, 'Passed', '2026-06-15 16:00:00', 495),
(496, 86.08, 'Passed', '2026-06-15 16:00:00', 496),
(497, 88.29, 'Passed', '2026-06-15 16:00:00', 497),
(498, 97.76, 'Passed', '2026-06-15 16:00:00', 498),
(499, 91.15, 'Passed', '2026-06-15 16:00:00', 499),
(500, 88.85, 'Passed', '2026-06-15 16:00:00', 500),
(501, 86.26, 'Passed', '2026-06-15 16:00:00', 501),
(502, 81.75, 'Passed', '2026-06-15 16:00:00', 502),
(503, 85.24, 'Passed', '2026-06-15 16:00:00', 503),
(504, 93.13, 'Passed', '2026-06-15 16:00:00', 504),
(505, 90.51, 'Passed', '2026-06-15 16:00:00', 505),
(506, 93.2, 'Passed', '2026-06-15 16:00:00', 506),
(507, 82.07, 'Passed', '2026-06-15 16:00:00', 507),
(508, 88.98, 'Passed', '2026-06-15 16:00:00', 508),
(509, 96.55, 'Passed', '2026-06-15 16:00:00', 509),
(510, 86.76, 'Passed', '2026-06-15 16:00:00', 510),
(511, 91.97, 'Passed', '2026-06-15 16:00:00', 511),
(512, 80.43, 'Passed', '2026-06-15 16:00:00', 512),
(513, 97.46, 'Passed', '2026-06-15 16:00:00', 513),
(514, 90.18, 'Passed', '2026-06-15 16:00:00', 514),
(515, 82.79, 'Passed', '2026-06-15 16:00:00', 515),
(516, 81.17, 'Passed', '2026-06-15 16:00:00', 516),
(517, 89.02, 'Passed', '2026-06-15 16:00:00', 517),
(518, 89.05, 'Passed', '2026-06-15 16:00:00', 518),
(519, 79.86, 'Passed', '2026-06-15 16:00:00', 519),
(520, 97.85, 'Passed', '2026-06-15 16:00:00', 520),
(521, 96.26, 'Passed', '2026-06-15 16:00:00', 521),
(522, 87.23, 'Passed', '2026-06-15 16:00:00', 522),
(523, 80.35, 'Passed', '2026-06-15 16:00:00', 523),
(524, 94.64, 'Passed', '2026-06-15 16:00:00', 524),
(525, 87.97, 'Passed', '2026-06-15 16:00:00', 525),
(526, 92.33, 'Passed', '2026-06-15 16:00:00', 526),
(527, 88.18, 'Passed', '2026-06-15 16:00:00', 527),
(528, 83.47, 'Passed', '2026-06-15 16:00:00', 528),
(529, 94.69, 'Passed', '2026-06-15 16:00:00', 529),
(530, 97.6, 'Passed', '2026-06-15 16:00:00', 530),
(531, 82.87, 'Passed', '2026-06-15 16:00:00', 531),
(532, 89.03, 'Passed', '2026-06-15 16:00:00', 532),
(533, 85.67, 'Passed', '2026-06-15 16:00:00', 533),
(534, 96.44, 'Passed', '2026-06-15 16:00:00', 534),
(535, 88.16, 'Passed', '2026-06-15 16:00:00', 535),
(536, 95.59, 'Passed', '2026-06-15 16:00:00', 536),
(537, 95.28, 'Passed', '2026-06-15 16:00:00', 537),
(538, 83.52, 'Passed', '2026-06-15 16:00:00', 538),
(539, 93.8, 'Passed', '2026-06-15 16:00:00', 539),
(540, 86.3, 'Passed', '2026-06-15 16:00:00', 540),
(541, 96.68, 'Passed', '2026-06-15 16:00:00', 541),
(542, 88.15, 'Passed', '2026-06-15 16:00:00', 542),
(543, 94.41, 'Passed', '2026-06-15 16:00:00', 543),
(544, 83.66, 'Passed', '2026-06-15 16:00:00', 544),
(545, 83.97, 'Passed', '2026-06-15 16:00:00', 545),
(546, 89.74, 'Passed', '2026-06-15 16:00:00', 546),
(547, 97.98, 'Passed', '2026-06-15 16:00:00', 547),
(548, 87.79, 'Passed', '2026-06-15 16:00:00', 548),
(549, 80.97, 'Passed', '2026-06-15 16:00:00', 549),
(550, 88.77, 'Passed', '2026-06-15 16:00:00', 550),
(551, 84.9, 'Passed', '2026-06-15 16:00:00', 551),
(552, 89.04, 'Passed', '2026-06-15 16:00:00', 552),
(553, 88.87, 'Passed', '2026-06-15 16:00:00', 553),
(554, 87.11, 'Passed', '2026-06-15 16:00:00', 554),
(555, 84.44, 'Passed', '2026-06-15 16:00:00', 555),
(556, 81.77, 'Passed', '2026-06-15 16:00:00', 556),
(557, 91.95, 'Passed', '2026-06-15 16:00:00', 557),
(558, 89.44, 'Passed', '2026-06-15 16:00:00', 558),
(559, 82.67, 'Passed', '2026-06-15 16:00:00', 559),
(560, 93.51, 'Passed', '2026-06-15 16:00:00', 560),
(561, 78.87, 'Passed', '2026-06-15 16:00:00', 561),
(562, 92.89, 'Passed', '2026-06-15 16:00:00', 562),
(563, 92.1, 'Passed', '2026-06-15 16:00:00', 563),
(564, 94.23, 'Passed', '2026-06-15 16:00:00', 564),
(565, 85.72, 'Passed', '2026-06-15 16:00:00', 565),
(566, 91.27, 'Passed', '2026-06-15 16:00:00', 566),
(567, 94.41, 'Passed', '2026-06-15 16:00:00', 567),
(568, 97.62, 'Passed', '2026-06-15 16:00:00', 568),
(569, 87.91, 'Passed', '2026-06-15 16:00:00', 569),
(570, 78.74, 'Passed', '2026-06-15 16:00:00', 570),
(571, 88.05, 'Passed', '2026-06-15 16:00:00', 571),
(572, 89.8, 'Passed', '2026-06-15 16:00:00', 572),
(573, 95.39, 'Passed', '2026-06-15 16:00:00', 573),
(574, 95.48, 'Passed', '2026-06-15 16:00:00', 574),
(575, 86.81, 'Passed', '2026-06-15 16:00:00', 575),
(576, 88.52, 'Passed', '2026-06-15 16:00:00', 576),
(577, 87.14, 'Passed', '2026-06-15 16:00:00', 577),
(578, 92.45, 'Passed', '2026-06-15 16:00:00', 578),
(579, 86.2, 'Passed', '2026-06-15 16:00:00', 579),
(580, 91.1, 'Passed', '2026-06-15 16:00:00', 580),
(581, 81.09, 'Passed', '2026-06-15 16:00:00', 581),
(582, 87.39, 'Passed', '2026-06-15 16:00:00', 582),
(583, 97.38, 'Passed', '2026-06-15 16:00:00', 583),
(584, 84.77, 'Passed', '2026-06-15 16:00:00', 584),
(585, 91.85, 'Passed', '2026-06-15 16:00:00', 585),
(586, 91.0, 'Passed', '2026-06-15 16:00:00', 586),
(587, 95.04, 'Passed', '2026-06-15 16:00:00', 587),
(588, 95.05, 'Passed', '2026-06-15 16:00:00', 588),
(589, 95.19, 'Passed', '2026-06-15 16:00:00', 589),
(590, 85.6, 'Passed', '2026-06-15 16:00:00', 590),
(591, 84.33, 'Passed', '2026-06-15 16:00:00', 591),
(592, 92.37, 'Passed', '2026-06-15 16:00:00', 592),
(593, 93.19, 'Passed', '2026-06-15 16:00:00', 593),
(594, 95.45, 'Passed', '2026-06-15 16:00:00', 594),
(595, 78.72, 'Passed', '2026-06-15 16:00:00', 595),
(596, 79.37, 'Passed', '2026-06-15 16:00:00', 596),
(597, 90.62, 'Passed', '2026-06-15 16:00:00', 597),
(598, 96.42, 'Passed', '2026-06-15 16:00:00', 598),
(599, 97.95, 'Passed', '2026-06-15 16:00:00', 599),
(600, 92.94, 'Passed', '2026-06-15 16:00:00', 600);

INSERT INTO CourseGrade (
  CourseGrade_id, FinalGrade, Remarks, DateCalculated, FK_Enrollment_ID
) VALUES
(601, 86.68, 'Passed', '2026-06-15 16:00:00', 601),
(602, 79.97, 'Passed', '2026-06-15 16:00:00', 602),
(603, 90.67, 'Passed', '2026-06-15 16:00:00', 603),
(604, 95.45, 'Passed', '2026-06-15 16:00:00', 604),
(605, 86.87, 'Passed', '2026-06-15 16:00:00', 605),
(606, 91.88, 'Passed', '2026-06-15 16:00:00', 606),
(607, 96.07, 'Passed', '2026-06-15 16:00:00', 607),
(608, 78.92, 'Passed', '2026-06-15 16:00:00', 608),
(609, 93.92, 'Passed', '2026-06-15 16:00:00', 609),
(610, 83.87, 'Passed', '2026-06-15 16:00:00', 610),
(611, 85.5, 'Passed', '2026-06-15 16:00:00', 611),
(612, 80.91, 'Passed', '2026-06-15 16:00:00', 612),
(613, 88.62, 'Passed', '2026-06-15 16:00:00', 613),
(614, 89.32, 'Passed', '2026-06-15 16:00:00', 614),
(615, 93.85, 'Passed', '2026-06-15 16:00:00', 615),
(616, 81.4, 'Passed', '2026-06-15 16:00:00', 616),
(617, 79.58, 'Passed', '2026-06-15 16:00:00', 617),
(618, 95.42, 'Passed', '2026-06-15 16:00:00', 618),
(619, 90.39, 'Passed', '2026-06-15 16:00:00', 619),
(620, 82.82, 'Passed', '2026-06-15 16:00:00', 620),
(621, 96.26, 'Passed', '2026-06-15 16:00:00', 621),
(622, 80.86, 'Passed', '2026-06-15 16:00:00', 622),
(623, 87.22, 'Passed', '2026-06-15 16:00:00', 623),
(624, 83.08, 'Passed', '2026-06-15 16:00:00', 624),
(625, 83.11, 'Passed', '2026-06-15 16:00:00', 625),
(626, 78.19, 'Passed', '2026-06-15 16:00:00', 626),
(627, 94.09, 'Passed', '2026-06-15 16:00:00', 627),
(628, 96.02, 'Passed', '2026-06-15 16:00:00', 628),
(629, 91.55, 'Passed', '2026-06-15 16:00:00', 629),
(630, 81.16, 'Passed', '2026-06-15 16:00:00', 630),
(631, 86.83, 'Passed', '2026-06-15 16:00:00', 631),
(632, 84.91, 'Passed', '2026-06-15 16:00:00', 632),
(633, 89.75, 'Passed', '2026-06-15 16:00:00', 633),
(634, 90.78, 'Passed', '2026-06-15 16:00:00', 634),
(635, 86.49, 'Passed', '2026-06-15 16:00:00', 635),
(636, 83.0, 'Passed', '2026-06-15 16:00:00', 636),
(637, 94.91, 'Passed', '2026-06-15 16:00:00', 637),
(638, 81.98, 'Passed', '2026-06-15 16:00:00', 638),
(639, 85.69, 'Passed', '2026-06-15 16:00:00', 639),
(640, 87.66, 'Passed', '2026-06-15 16:00:00', 640),
(641, 82.74, 'Passed', '2026-06-15 16:00:00', 641),
(642, 89.44, 'Passed', '2026-06-15 16:00:00', 642),
(643, 89.5, 'Passed', '2026-06-15 16:00:00', 643),
(644, 97.85, 'Passed', '2026-06-15 16:00:00', 644),
(645, 83.9, 'Passed', '2026-06-15 16:00:00', 645),
(646, 97.56, 'Passed', '2026-06-15 16:00:00', 646),
(647, 91.16, 'Passed', '2026-06-15 16:00:00', 647),
(648, 83.49, 'Passed', '2026-06-15 16:00:00', 648),
(649, 89.32, 'Passed', '2026-06-15 16:00:00', 649),
(650, 91.72, 'Passed', '2026-06-15 16:00:00', 650),
(651, 92.89, 'Passed', '2026-06-15 16:00:00', 651),
(652, 78.98, 'Passed', '2026-06-15 16:00:00', 652),
(653, 90.13, 'Passed', '2026-06-15 16:00:00', 653),
(654, 87.93, 'Passed', '2026-06-15 16:00:00', 654),
(655, 96.08, 'Passed', '2026-06-15 16:00:00', 655),
(656, 83.72, 'Passed', '2026-06-15 16:00:00', 656),
(657, 93.98, 'Passed', '2026-06-15 16:00:00', 657),
(658, 90.14, 'Passed', '2026-06-15 16:00:00', 658),
(659, 85.05, 'Passed', '2026-06-15 16:00:00', 659),
(660, 90.73, 'Passed', '2026-06-15 16:00:00', 660),
(661, 90.42, 'Passed', '2026-06-15 16:00:00', 661),
(662, 91.56, 'Passed', '2026-06-15 16:00:00', 662),
(663, 92.42, 'Passed', '2026-06-15 16:00:00', 663),
(664, 91.18, 'Passed', '2026-06-15 16:00:00', 664),
(665, 94.77, 'Passed', '2026-06-15 16:00:00', 665),
(666, 90.56, 'Passed', '2026-06-15 16:00:00', 666),
(667, 96.07, 'Passed', '2026-06-15 16:00:00', 667),
(668, 90.93, 'Passed', '2026-06-15 16:00:00', 668),
(669, 84.18, 'Passed', '2026-06-15 16:00:00', 669),
(670, 86.82, 'Passed', '2026-06-15 16:00:00', 670),
(671, 89.59, 'Passed', '2026-06-15 16:00:00', 671),
(672, 92.65, 'Passed', '2026-06-15 16:00:00', 672),
(673, 79.8, 'Passed', '2026-06-15 16:00:00', 673),
(674, 83.9, 'Passed', '2026-06-15 16:00:00', 674),
(675, 92.95, 'Passed', '2026-06-15 16:00:00', 675),
(676, 81.51, 'Passed', '2026-06-15 16:00:00', 676),
(677, 80.64, 'Passed', '2026-06-15 16:00:00', 677),
(678, 88.79, 'Passed', '2026-06-15 16:00:00', 678),
(679, 97.43, 'Passed', '2026-06-15 16:00:00', 679),
(680, 88.62, 'Passed', '2026-06-15 16:00:00', 680),
(681, 96.27, 'Passed', '2026-06-15 16:00:00', 681),
(682, 94.61, 'Passed', '2026-06-15 16:00:00', 682),
(683, 83.14, 'Passed', '2026-06-15 16:00:00', 683),
(684, 94.49, 'Passed', '2026-06-15 16:00:00', 684),
(685, 87.64, 'Passed', '2026-06-15 16:00:00', 685),
(686, 94.13, 'Passed', '2026-06-15 16:00:00', 686),
(687, 92.93, 'Passed', '2026-06-15 16:00:00', 687),
(688, 84.77, 'Passed', '2026-06-15 16:00:00', 688),
(689, 80.3, 'Passed', '2026-06-15 16:00:00', 689),
(690, 97.26, 'Passed', '2026-06-15 16:00:00', 690),
(691, 80.82, 'Passed', '2026-06-15 16:00:00', 691),
(692, 97.33, 'Passed', '2026-06-15 16:00:00', 692),
(693, 95.2, 'Passed', '2026-06-15 16:00:00', 693),
(694, 92.48, 'Passed', '2026-06-15 16:00:00', 694),
(695, 97.6, 'Passed', '2026-06-15 16:00:00', 695),
(696, 97.35, 'Passed', '2026-06-15 16:00:00', 696),
(697, 94.09, 'Passed', '2026-06-15 16:00:00', 697),
(698, 85.32, 'Passed', '2026-06-15 16:00:00', 698),
(699, 93.81, 'Passed', '2026-06-15 16:00:00', 699),
(700, 78.28, 'Passed', '2026-06-15 16:00:00', 700),
(701, 88.73, 'Passed', '2026-06-15 16:00:00', 701),
(702, 87.1, 'Passed', '2026-06-15 16:00:00', 702),
(703, 91.46, 'Passed', '2026-06-15 16:00:00', 703),
(704, 91.45, 'Passed', '2026-06-15 16:00:00', 704),
(705, 89.69, 'Passed', '2026-06-15 16:00:00', 705),
(706, 94.45, 'Passed', '2026-06-15 16:00:00', 706),
(707, 96.81, 'Passed', '2026-06-15 16:00:00', 707),
(708, 80.17, 'Passed', '2026-06-15 16:00:00', 708),
(709, 82.68, 'Passed', '2026-06-15 16:00:00', 709),
(710, 78.5, 'Passed', '2026-06-15 16:00:00', 710),
(711, 95.68, 'Passed', '2026-06-15 16:00:00', 711),
(712, 89.23, 'Passed', '2026-06-15 16:00:00', 712),
(713, 96.31, 'Passed', '2026-06-15 16:00:00', 713),
(714, 82.43, 'Passed', '2026-06-15 16:00:00', 714),
(715, 79.26, 'Passed', '2026-06-15 16:00:00', 715),
(716, 94.48, 'Passed', '2026-06-15 16:00:00', 716),
(717, 96.19, 'Passed', '2026-06-15 16:00:00', 717),
(718, 84.04, 'Passed', '2026-06-15 16:00:00', 718),
(719, 86.17, 'Passed', '2026-06-15 16:00:00', 719),
(720, 80.8, 'Passed', '2026-06-15 16:00:00', 720),
(721, 96.93, 'Passed', '2026-06-15 16:00:00', 721),
(722, 84.09, 'Passed', '2026-06-15 16:00:00', 722),
(723, 87.85, 'Passed', '2026-06-15 16:00:00', 723),
(724, 79.94, 'Passed', '2026-06-15 16:00:00', 724),
(725, 95.75, 'Passed', '2026-06-15 16:00:00', 725),
(726, 80.71, 'Passed', '2026-06-15 16:00:00', 726),
(727, 87.07, 'Passed', '2026-06-15 16:00:00', 727),
(728, 91.41, 'Passed', '2026-06-15 16:00:00', 728),
(729, 92.86, 'Passed', '2026-06-15 16:00:00', 729),
(730, 96.92, 'Passed', '2026-06-15 16:00:00', 730),
(731, 86.38, 'Passed', '2026-06-15 16:00:00', 731),
(732, 92.85, 'Passed', '2026-06-15 16:00:00', 732),
(733, 81.09, 'Passed', '2026-06-15 16:00:00', 733),
(734, 86.3, 'Passed', '2026-06-15 16:00:00', 734),
(735, 79.98, 'Passed', '2026-06-15 16:00:00', 735),
(736, 87.79, 'Passed', '2026-06-15 16:00:00', 736),
(737, 86.16, 'Passed', '2026-06-15 16:00:00', 737),
(738, 97.03, 'Passed', '2026-06-15 16:00:00', 738),
(739, 78.65, 'Passed', '2026-06-15 16:00:00', 739),
(740, 85.41, 'Passed', '2026-06-15 16:00:00', 740),
(741, 86.87, 'Passed', '2026-06-15 16:00:00', 741),
(742, 97.01, 'Passed', '2026-06-15 16:00:00', 742),
(743, 95.11, 'Passed', '2026-06-15 16:00:00', 743),
(744, 79.99, 'Passed', '2026-06-15 16:00:00', 744),
(745, 91.71, 'Passed', '2026-06-15 16:00:00', 745),
(746, 88.89, 'Passed', '2026-06-15 16:00:00', 746),
(747, 97.56, 'Passed', '2026-06-15 16:00:00', 747),
(748, 85.17, 'Passed', '2026-06-15 16:00:00', 748),
(749, 85.96, 'Passed', '2026-06-15 16:00:00', 749),
(750, 81.8, 'Passed', '2026-06-15 16:00:00', 750),
(751, 80.44, 'Passed', '2026-06-15 16:00:00', 751),
(752, 94.96, 'Passed', '2026-06-15 16:00:00', 752),
(753, 87.09, 'Passed', '2026-06-15 16:00:00', 753),
(754, 91.26, 'Passed', '2026-06-15 16:00:00', 754),
(755, 90.83, 'Passed', '2026-06-15 16:00:00', 755),
(756, 89.94, 'Passed', '2026-06-15 16:00:00', 756),
(757, 78.43, 'Passed', '2026-06-15 16:00:00', 757),
(758, 93.74, 'Passed', '2026-06-15 16:00:00', 758),
(759, 82.87, 'Passed', '2026-06-15 16:00:00', 759),
(760, 80.52, 'Passed', '2026-06-15 16:00:00', 760),
(761, 89.29, 'Passed', '2026-06-15 16:00:00', 761),
(762, 79.37, 'Passed', '2026-06-15 16:00:00', 762),
(763, 93.3, 'Passed', '2026-06-15 16:00:00', 763),
(764, 82.14, 'Passed', '2026-06-15 16:00:00', 764),
(765, 82.32, 'Passed', '2026-06-15 16:00:00', 765),
(766, 95.39, 'Passed', '2026-06-15 16:00:00', 766),
(767, 84.57, 'Passed', '2026-06-15 16:00:00', 767),
(768, 80.95, 'Passed', '2026-06-15 16:00:00', 768),
(769, 96.01, 'Passed', '2026-06-15 16:00:00', 769),
(770, 78.06, 'Passed', '2026-06-15 16:00:00', 770),
(771, 95.17, 'Passed', '2026-06-15 16:00:00', 771),
(772, 80.89, 'Passed', '2026-06-15 16:00:00', 772),
(773, 80.6, 'Passed', '2026-06-15 16:00:00', 773),
(774, 83.01, 'Passed', '2026-06-15 16:00:00', 774),
(775, 81.49, 'Passed', '2026-06-15 16:00:00', 775),
(776, 91.22, 'Passed', '2026-06-15 16:00:00', 776),
(777, 78.52, 'Passed', '2026-06-15 16:00:00', 777),
(778, 78.3, 'Passed', '2026-06-15 16:00:00', 778),
(779, 93.8, 'Passed', '2026-06-15 16:00:00', 779),
(780, 82.76, 'Passed', '2026-06-15 16:00:00', 780),
(781, 84.48, 'Passed', '2026-06-15 16:00:00', 781),
(782, 81.48, 'Passed', '2026-06-15 16:00:00', 782),
(783, 79.05, 'Passed', '2026-06-15 16:00:00', 783),
(784, 92.83, 'Passed', '2026-06-15 16:00:00', 784),
(785, 88.52, 'Passed', '2026-06-15 16:00:00', 785),
(786, 92.91, 'Passed', '2026-06-15 16:00:00', 786),
(787, 87.52, 'Passed', '2026-06-15 16:00:00', 787),
(788, 93.56, 'Passed', '2026-06-15 16:00:00', 788),
(789, 88.26, 'Passed', '2026-06-15 16:00:00', 789),
(790, 80.18, 'Passed', '2026-06-15 16:00:00', 790),
(791, 88.08, 'Passed', '2026-06-15 16:00:00', 791),
(792, 96.91, 'Passed', '2026-06-15 16:00:00', 792),
(793, 78.87, 'Passed', '2026-06-15 16:00:00', 793),
(794, 93.66, 'Passed', '2026-06-15 16:00:00', 794),
(795, 95.34, 'Passed', '2026-06-15 16:00:00', 795),
(796, 88.43, 'Passed', '2026-06-15 16:00:00', 796),
(797, 87.16, 'Passed', '2026-06-15 16:00:00', 797),
(798, 97.28, 'Passed', '2026-06-15 16:00:00', 798),
(799, 79.22, 'Passed', '2026-06-15 16:00:00', 799),
(800, 87.58, 'Passed', '2026-06-15 16:00:00', 800);

INSERT INTO CourseGrade (
  CourseGrade_id, FinalGrade, Remarks, DateCalculated, FK_Enrollment_ID
) VALUES
(801, 86.03, 'Passed', '2026-06-15 16:00:00', 801),
(802, 91.72, 'Passed', '2026-06-15 16:00:00', 802),
(803, 87.81, 'Passed', '2026-06-15 16:00:00', 803),
(804, 96.19, 'Passed', '2026-06-15 16:00:00', 804),
(805, 79.47, 'Passed', '2026-06-15 16:00:00', 805),
(806, 79.62, 'Passed', '2026-06-15 16:00:00', 806),
(807, 90.17, 'Passed', '2026-06-15 16:00:00', 807),
(808, 79.31, 'Passed', '2026-06-15 16:00:00', 808),
(809, 83.5, 'Passed', '2026-06-15 16:00:00', 809),
(810, 90.66, 'Passed', '2026-06-15 16:00:00', 810),
(811, 88.97, 'Passed', '2026-06-15 16:00:00', 811),
(812, 84.5, 'Passed', '2026-06-15 16:00:00', 812),
(813, 97.89, 'Passed', '2026-06-15 16:00:00', 813),
(814, 88.61, 'Passed', '2026-06-15 16:00:00', 814),
(815, 87.07, 'Passed', '2026-06-15 16:00:00', 815),
(816, 90.11, 'Passed', '2026-06-15 16:00:00', 816),
(817, 79.98, 'Passed', '2026-06-15 16:00:00', 817),
(818, 92.04, 'Passed', '2026-06-15 16:00:00', 818),
(819, 95.06, 'Passed', '2026-06-15 16:00:00', 819),
(820, 91.02, 'Passed', '2026-06-15 16:00:00', 820),
(821, 93.38, 'Passed', '2026-06-15 16:00:00', 821),
(822, 92.42, 'Passed', '2026-06-15 16:00:00', 822),
(823, 82.3, 'Passed', '2026-06-15 16:00:00', 823),
(824, 87.03, 'Passed', '2026-06-15 16:00:00', 824),
(825, 82.57, 'Passed', '2026-06-15 16:00:00', 825),
(826, 84.78, 'Passed', '2026-06-15 16:00:00', 826),
(827, 87.07, 'Passed', '2026-06-15 16:00:00', 827),
(828, 86.32, 'Passed', '2026-06-15 16:00:00', 828),
(829, 79.9, 'Passed', '2026-06-15 16:00:00', 829),
(830, 86.54, 'Passed', '2026-06-15 16:00:00', 830),
(831, 91.3, 'Passed', '2026-06-15 16:00:00', 831),
(832, 85.49, 'Passed', '2026-06-15 16:00:00', 832),
(833, 81.05, 'Passed', '2026-06-15 16:00:00', 833),
(834, 96.46, 'Passed', '2026-06-15 16:00:00', 834),
(835, 79.34, 'Passed', '2026-06-15 16:00:00', 835),
(836, 94.64, 'Passed', '2026-06-15 16:00:00', 836),
(837, 79.86, 'Passed', '2026-06-15 16:00:00', 837),
(838, 79.93, 'Passed', '2026-06-15 16:00:00', 838),
(839, 92.78, 'Passed', '2026-06-15 16:00:00', 839),
(840, 94.24, 'Passed', '2026-06-15 16:00:00', 840),
(841, 89.13, 'Passed', '2026-06-15 16:00:00', 841),
(842, 89.73, 'Passed', '2026-06-15 16:00:00', 842),
(843, 89.23, 'Passed', '2026-06-15 16:00:00', 843),
(844, 84.59, 'Passed', '2026-06-15 16:00:00', 844),
(845, 80.44, 'Passed', '2026-06-15 16:00:00', 845),
(846, 85.07, 'Passed', '2026-06-15 16:00:00', 846),
(847, 91.31, 'Passed', '2026-06-15 16:00:00', 847),
(848, 93.01, 'Passed', '2026-06-15 16:00:00', 848),
(849, 95.36, 'Passed', '2026-06-15 16:00:00', 849),
(850, 92.42, 'Passed', '2026-06-15 16:00:00', 850),
(851, 97.37, 'Passed', '2026-06-15 16:00:00', 851),
(852, 90.01, 'Passed', '2026-06-15 16:00:00', 852),
(853, 85.03, 'Passed', '2026-06-15 16:00:00', 853),
(854, 89.56, 'Passed', '2026-06-15 16:00:00', 854),
(855, 82.25, 'Passed', '2026-06-15 16:00:00', 855),
(856, 91.13, 'Passed', '2026-06-15 16:00:00', 856),
(857, 82.48, 'Passed', '2026-06-15 16:00:00', 857),
(858, 80.16, 'Passed', '2026-06-15 16:00:00', 858),
(859, 94.91, 'Passed', '2026-06-15 16:00:00', 859),
(860, 85.35, 'Passed', '2026-06-15 16:00:00', 860),
(861, 93.25, 'Passed', '2026-06-15 16:00:00', 861),
(862, 89.48, 'Passed', '2026-06-15 16:00:00', 862),
(863, 94.14, 'Passed', '2026-06-15 16:00:00', 863),
(864, 94.9, 'Passed', '2026-06-15 16:00:00', 864),
(865, 97.49, 'Passed', '2026-06-15 16:00:00', 865),
(866, 94.37, 'Passed', '2026-06-15 16:00:00', 866),
(867, 90.27, 'Passed', '2026-06-15 16:00:00', 867),
(868, 90.85, 'Passed', '2026-06-15 16:00:00', 868),
(869, 78.53, 'Passed', '2026-06-15 16:00:00', 869),
(870, 96.58, 'Passed', '2026-06-15 16:00:00', 870),
(871, 94.59, 'Passed', '2026-06-15 16:00:00', 871),
(872, 83.35, 'Passed', '2026-06-15 16:00:00', 872),
(873, 81.61, 'Passed', '2026-06-15 16:00:00', 873),
(874, 92.05, 'Passed', '2026-06-15 16:00:00', 874),
(875, 84.18, 'Passed', '2026-06-15 16:00:00', 875),
(876, 84.8, 'Passed', '2026-06-15 16:00:00', 876),
(877, 78.12, 'Passed', '2026-06-15 16:00:00', 877),
(878, 95.4, 'Passed', '2026-06-15 16:00:00', 878),
(879, 89.33, 'Passed', '2026-06-15 16:00:00', 879),
(880, 86.02, 'Passed', '2026-06-15 16:00:00', 880),
(881, 80.84, 'Passed', '2026-06-15 16:00:00', 881),
(882, 90.66, 'Passed', '2026-06-15 16:00:00', 882),
(883, 78.61, 'Passed', '2026-06-15 16:00:00', 883),
(884, 92.92, 'Passed', '2026-06-15 16:00:00', 884),
(885, 82.3, 'Passed', '2026-06-15 16:00:00', 885),
(886, 86.4, 'Passed', '2026-06-15 16:00:00', 886),
(887, 84.82, 'Passed', '2026-06-15 16:00:00', 887),
(888, 85.4, 'Passed', '2026-06-15 16:00:00', 888),
(889, 92.43, 'Passed', '2026-06-15 16:00:00', 889),
(890, 93.54, 'Passed', '2026-06-15 16:00:00', 890),
(891, 89.35, 'Passed', '2026-06-15 16:00:00', 891),
(892, 79.7, 'Passed', '2026-06-15 16:00:00', 892),
(893, 79.05, 'Passed', '2026-06-15 16:00:00', 893),
(894, 81.15, 'Passed', '2026-06-15 16:00:00', 894),
(895, 90.36, 'Passed', '2026-06-15 16:00:00', 895),
(896, 91.48, 'Passed', '2026-06-15 16:00:00', 896),
(897, 83.44, 'Passed', '2026-06-15 16:00:00', 897),
(898, 91.24, 'Passed', '2026-06-15 16:00:00', 898),
(899, 87.71, 'Passed', '2026-06-15 16:00:00', 899),
(900, 86.84, 'Passed', '2026-06-15 16:00:00', 900),
(901, 83.46, 'Passed', '2026-06-15 16:00:00', 901),
(902, 93.1, 'Passed', '2026-06-15 16:00:00', 902),
(903, 80.28, 'Passed', '2026-06-15 16:00:00', 903),
(904, 86.6, 'Passed', '2026-06-15 16:00:00', 904),
(905, 83.66, 'Passed', '2026-06-15 16:00:00', 905),
(906, 91.57, 'Passed', '2026-06-15 16:00:00', 906),
(907, 87.73, 'Passed', '2026-06-15 16:00:00', 907),
(908, 91.34, 'Passed', '2026-06-15 16:00:00', 908),
(909, 78.91, 'Passed', '2026-06-15 16:00:00', 909),
(910, 85.91, 'Passed', '2026-06-15 16:00:00', 910),
(911, 89.99, 'Passed', '2026-06-15 16:00:00', 911),
(912, 78.15, 'Passed', '2026-06-15 16:00:00', 912),
(913, 84.03, 'Passed', '2026-06-15 16:00:00', 913),
(914, 82.22, 'Passed', '2026-06-15 16:00:00', 914),
(915, 80.74, 'Passed', '2026-06-15 16:00:00', 915),
(916, 83.11, 'Passed', '2026-06-15 16:00:00', 916),
(917, 84.56, 'Passed', '2026-06-15 16:00:00', 917),
(918, 78.15, 'Passed', '2026-06-15 16:00:00', 918),
(919, 92.94, 'Passed', '2026-06-15 16:00:00', 919),
(920, 81.51, 'Passed', '2026-06-15 16:00:00', 920),
(921, 85.6, 'Passed', '2026-06-15 16:00:00', 921),
(922, 92.07, 'Passed', '2026-06-15 16:00:00', 922),
(923, 88.01, 'Passed', '2026-06-15 16:00:00', 923),
(924, 94.67, 'Passed', '2026-06-15 16:00:00', 924),
(925, 94.12, 'Passed', '2026-06-15 16:00:00', 925),
(926, 79.44, 'Passed', '2026-06-15 16:00:00', 926),
(927, 95.24, 'Passed', '2026-06-15 16:00:00', 927),
(928, 78.85, 'Passed', '2026-06-15 16:00:00', 928),
(929, 78.37, 'Passed', '2026-06-15 16:00:00', 929),
(930, 96.42, 'Passed', '2026-06-15 16:00:00', 930),
(931, 95.24, 'Passed', '2026-06-15 16:00:00', 931),
(932, 89.52, 'Passed', '2026-06-15 16:00:00', 932),
(933, 89.47, 'Passed', '2026-06-15 16:00:00', 933),
(934, 92.19, 'Passed', '2026-06-15 16:00:00', 934),
(935, 86.35, 'Passed', '2026-06-15 16:00:00', 935),
(936, 80.3, 'Passed', '2026-06-15 16:00:00', 936),
(937, 78.42, 'Passed', '2026-06-15 16:00:00', 937),
(938, 84.5, 'Passed', '2026-06-15 16:00:00', 938),
(939, 94.03, 'Passed', '2026-06-15 16:00:00', 939),
(940, 90.36, 'Passed', '2026-06-15 16:00:00', 940),
(941, 94.64, 'Passed', '2026-06-15 16:00:00', 941),
(942, 96.4, 'Passed', '2026-06-15 16:00:00', 942),
(943, 79.76, 'Passed', '2026-06-15 16:00:00', 943),
(944, 94.89, 'Passed', '2026-06-15 16:00:00', 944),
(945, 82.87, 'Passed', '2026-06-15 16:00:00', 945),
(946, 89.78, 'Passed', '2026-06-15 16:00:00', 946),
(947, 88.48, 'Passed', '2026-06-15 16:00:00', 947),
(948, 85.92, 'Passed', '2026-06-15 16:00:00', 948),
(949, 84.21, 'Passed', '2026-06-15 16:00:00', 949),
(950, 84.79, 'Passed', '2026-06-15 16:00:00', 950),
(951, 84.66, 'Passed', '2026-06-15 16:00:00', 951),
(952, 81.36, 'Passed', '2026-06-15 16:00:00', 952),
(953, 88.21, 'Passed', '2026-06-15 16:00:00', 953),
(954, 80.28, 'Passed', '2026-06-15 16:00:00', 954),
(955, 88.2, 'Passed', '2026-06-15 16:00:00', 955),
(956, 96.12, 'Passed', '2026-06-15 16:00:00', 956),
(957, 84.99, 'Passed', '2026-06-15 16:00:00', 957),
(958, 92.55, 'Passed', '2026-06-15 16:00:00', 958),
(959, 94.38, 'Passed', '2026-06-15 16:00:00', 959),
(960, 94.3, 'Passed', '2026-06-15 16:00:00', 960),
(961, 82.73, 'Passed', '2026-06-15 16:00:00', 961),
(962, 80.93, 'Passed', '2026-06-15 16:00:00', 962),
(963, 81.95, 'Passed', '2026-06-15 16:00:00', 963),
(964, 90.05, 'Passed', '2026-06-15 16:00:00', 964),
(965, 93.2, 'Passed', '2026-06-15 16:00:00', 965),
(966, 91.11, 'Passed', '2026-06-15 16:00:00', 966),
(967, 81.54, 'Passed', '2026-06-15 16:00:00', 967),
(968, 93.46, 'Passed', '2026-06-15 16:00:00', 968),
(969, 87.88, 'Passed', '2026-06-15 16:00:00', 969),
(970, 93.09, 'Passed', '2026-06-15 16:00:00', 970),
(971, 93.2, 'Passed', '2026-06-15 16:00:00', 971),
(972, 86.98, 'Passed', '2026-06-15 16:00:00', 972),
(973, 96.48, 'Passed', '2026-06-15 16:00:00', 973),
(974, 89.29, 'Passed', '2026-06-15 16:00:00', 974),
(975, 90.71, 'Passed', '2026-06-15 16:00:00', 975),
(976, 90.49, 'Passed', '2026-06-15 16:00:00', 976),
(977, 95.28, 'Passed', '2026-06-15 16:00:00', 977),
(978, 90.54, 'Passed', '2026-06-15 16:00:00', 978),
(979, 81.02, 'Passed', '2026-06-15 16:00:00', 979),
(980, 79.37, 'Passed', '2026-06-15 16:00:00', 980),
(981, 86.84, 'Passed', '2026-06-15 16:00:00', 981),
(982, 84.06, 'Passed', '2026-06-15 16:00:00', 982),
(983, 83.49, 'Passed', '2026-06-15 16:00:00', 983),
(984, 79.12, 'Passed', '2026-06-15 16:00:00', 984),
(985, 88.15, 'Passed', '2026-06-15 16:00:00', 985),
(986, 84.21, 'Passed', '2026-06-15 16:00:00', 986),
(987, 87.04, 'Passed', '2026-06-15 16:00:00', 987),
(988, 79.14, 'Passed', '2026-06-15 16:00:00', 988),
(989, 94.63, 'Passed', '2026-06-15 16:00:00', 989),
(990, 79.53, 'Passed', '2026-06-15 16:00:00', 990),
(991, 95.29, 'Passed', '2026-06-15 16:00:00', 991),
(992, 95.11, 'Passed', '2026-06-15 16:00:00', 992),
(993, 90.3, 'Passed', '2026-06-15 16:00:00', 993),
(994, 88.14, 'Passed', '2026-06-15 16:00:00', 994),
(995, 87.25, 'Passed', '2026-06-15 16:00:00', 995),
(996, 89.09, 'Passed', '2026-06-15 16:00:00', 996),
(997, 93.84, 'Passed', '2026-06-15 16:00:00', 997),
(998, 95.92, 'Passed', '2026-06-15 16:00:00', 998),
(999, 86.99, 'Passed', '2026-06-15 16:00:00', 999),
(1000, 94.2, 'Passed', '2026-06-15 16:00:00', 1000);

INSERT INTO CourseGrade (
  CourseGrade_id, FinalGrade, Remarks, DateCalculated, FK_Enrollment_ID
) VALUES
(1001, 91.04, 'Passed', '2026-06-15 16:00:00', 1001),
(1002, 84.43, 'Passed', '2026-06-15 16:00:00', 1002),
(1003, 87.51, 'Passed', '2026-06-15 16:00:00', 1003),
(1004, 81.02, 'Passed', '2026-06-15 16:00:00', 1004),
(1005, 79.24, 'Passed', '2026-06-15 16:00:00', 1005),
(1006, 80.07, 'Passed', '2026-06-15 16:00:00', 1006),
(1007, 95.98, 'Passed', '2026-06-15 16:00:00', 1007),
(1008, 84.87, 'Passed', '2026-06-15 16:00:00', 1008),
(1009, 92.29, 'Passed', '2026-06-15 16:00:00', 1009),
(1010, 88.09, 'Passed', '2026-06-15 16:00:00', 1010),
(1011, 81.45, 'Passed', '2026-06-15 16:00:00', 1011),
(1012, 82.95, 'Passed', '2026-06-15 16:00:00', 1012),
(1013, 86.76, 'Passed', '2026-06-15 16:00:00', 1013),
(1014, 86.79, 'Passed', '2026-06-15 16:00:00', 1014),
(1015, 88.45, 'Passed', '2026-06-15 16:00:00', 1015),
(1016, 81.17, 'Passed', '2026-06-15 16:00:00', 1016),
(1017, 85.46, 'Passed', '2026-06-15 16:00:00', 1017),
(1018, 83.66, 'Passed', '2026-06-15 16:00:00', 1018),
(1019, 86.18, 'Passed', '2026-06-15 16:00:00', 1019),
(1020, 84.77, 'Passed', '2026-06-15 16:00:00', 1020),
(1021, 89.96, 'Passed', '2026-06-15 16:00:00', 1021),
(1022, 93.78, 'Passed', '2026-06-15 16:00:00', 1022),
(1023, 90.95, 'Passed', '2026-06-15 16:00:00', 1023),
(1024, 79.32, 'Passed', '2026-06-15 16:00:00', 1024),
(1025, 79.89, 'Passed', '2026-06-15 16:00:00', 1025),
(1026, 91.57, 'Passed', '2026-06-15 16:00:00', 1026),
(1027, 83.68, 'Passed', '2026-06-15 16:00:00', 1027),
(1028, 92.47, 'Passed', '2026-06-15 16:00:00', 1028),
(1029, 91.13, 'Passed', '2026-06-15 16:00:00', 1029),
(1030, 96.13, 'Passed', '2026-06-15 16:00:00', 1030),
(1031, 95.47, 'Passed', '2026-06-15 16:00:00', 1031),
(1032, 84.67, 'Passed', '2026-06-15 16:00:00', 1032),
(1033, 89.65, 'Passed', '2026-06-15 16:00:00', 1033),
(1034, 80.83, 'Passed', '2026-06-15 16:00:00', 1034),
(1035, 85.0, 'Passed', '2026-06-15 16:00:00', 1035),
(1036, 97.35, 'Passed', '2026-06-15 16:00:00', 1036),
(1037, 91.97, 'Passed', '2026-06-15 16:00:00', 1037),
(1038, 85.84, 'Passed', '2026-06-15 16:00:00', 1038),
(1039, 89.9, 'Passed', '2026-06-15 16:00:00', 1039),
(1040, 96.76, 'Passed', '2026-06-15 16:00:00', 1040),
(1041, 84.19, 'Passed', '2026-06-15 16:00:00', 1041),
(1042, 85.53, 'Passed', '2026-06-15 16:00:00', 1042),
(1043, 93.83, 'Passed', '2026-06-15 16:00:00', 1043),
(1044, 94.26, 'Passed', '2026-06-15 16:00:00', 1044),
(1045, 91.4, 'Passed', '2026-06-15 16:00:00', 1045),
(1046, 94.58, 'Passed', '2026-06-15 16:00:00', 1046),
(1047, 92.78, 'Passed', '2026-06-15 16:00:00', 1047),
(1048, 91.71, 'Passed', '2026-06-15 16:00:00', 1048),
(1049, 88.53, 'Passed', '2026-06-15 16:00:00', 1049),
(1050, 90.92, 'Passed', '2026-06-15 16:00:00', 1050),
(1051, 86.47, 'Passed', '2026-06-15 16:00:00', 1051),
(1052, 85.24, 'Passed', '2026-06-15 16:00:00', 1052),
(1053, 85.25, 'Passed', '2026-06-15 16:00:00', 1053),
(1054, 81.61, 'Passed', '2026-06-15 16:00:00', 1054),
(1055, 82.28, 'Passed', '2026-06-15 16:00:00', 1055),
(1056, 96.95, 'Passed', '2026-06-15 16:00:00', 1056),
(1057, 87.73, 'Passed', '2026-06-15 16:00:00', 1057),
(1058, 82.53, 'Passed', '2026-06-15 16:00:00', 1058),
(1059, 80.75, 'Passed', '2026-06-15 16:00:00', 1059),
(1060, 79.54, 'Passed', '2026-06-15 16:00:00', 1060),
(1061, 94.89, 'Passed', '2026-06-15 16:00:00', 1061),
(1062, 80.02, 'Passed', '2026-06-15 16:00:00', 1062),
(1063, 93.42, 'Passed', '2026-06-15 16:00:00', 1063),
(1064, 94.7, 'Passed', '2026-06-15 16:00:00', 1064),
(1065, 95.67, 'Passed', '2026-06-15 16:00:00', 1065),
(1066, 78.75, 'Passed', '2026-06-15 16:00:00', 1066),
(1067, 84.74, 'Passed', '2026-06-15 16:00:00', 1067),
(1068, 93.33, 'Passed', '2026-06-15 16:00:00', 1068),
(1069, 80.62, 'Passed', '2026-06-15 16:00:00', 1069),
(1070, 85.53, 'Passed', '2026-06-15 16:00:00', 1070),
(1071, 81.24, 'Passed', '2026-06-15 16:00:00', 1071),
(1072, 94.63, 'Passed', '2026-06-15 16:00:00', 1072),
(1073, 93.42, 'Passed', '2026-06-15 16:00:00', 1073),
(1074, 94.18, 'Passed', '2026-06-15 16:00:00', 1074),
(1075, 81.31, 'Passed', '2026-06-15 16:00:00', 1075),
(1076, 86.75, 'Passed', '2026-06-15 16:00:00', 1076),
(1077, 86.22, 'Passed', '2026-06-15 16:00:00', 1077),
(1078, 91.53, 'Passed', '2026-06-15 16:00:00', 1078),
(1079, 82.75, 'Passed', '2026-06-15 16:00:00', 1079),
(1080, 86.88, 'Passed', '2026-06-15 16:00:00', 1080),
(1081, 83.7, 'Passed', '2026-06-15 16:00:00', 1081),
(1082, 92.97, 'Passed', '2026-06-15 16:00:00', 1082),
(1083, 86.98, 'Passed', '2026-06-15 16:00:00', 1083),
(1084, 88.68, 'Passed', '2026-06-15 16:00:00', 1084),
(1085, 84.19, 'Passed', '2026-06-15 16:00:00', 1085),
(1086, 94.17, 'Passed', '2026-06-15 16:00:00', 1086),
(1087, 87.38, 'Passed', '2026-06-15 16:00:00', 1087),
(1088, 94.7, 'Passed', '2026-06-15 16:00:00', 1088),
(1089, 85.36, 'Passed', '2026-06-15 16:00:00', 1089),
(1090, 96.94, 'Passed', '2026-06-15 16:00:00', 1090),
(1091, 97.69, 'Passed', '2026-06-15 16:00:00', 1091),
(1092, 87.23, 'Passed', '2026-06-15 16:00:00', 1092),
(1093, 83.64, 'Passed', '2026-06-15 16:00:00', 1093),
(1094, 85.64, 'Passed', '2026-06-15 16:00:00', 1094),
(1095, 88.55, 'Passed', '2026-06-15 16:00:00', 1095),
(1096, 97.33, 'Passed', '2026-06-15 16:00:00', 1096),
(1097, 94.34, 'Passed', '2026-06-15 16:00:00', 1097),
(1098, 94.03, 'Passed', '2026-06-15 16:00:00', 1098),
(1099, 80.77, 'Passed', '2026-06-15 16:00:00', 1099),
(1100, 83.0, 'Passed', '2026-06-15 16:00:00', 1100),
(1101, 90.82, 'Passed', '2026-06-15 16:00:00', 1101),
(1102, 95.48, 'Passed', '2026-06-15 16:00:00', 1102),
(1103, 89.09, 'Passed', '2026-06-15 16:00:00', 1103),
(1104, 80.05, 'Passed', '2026-06-15 16:00:00', 1104),
(1105, 94.92, 'Passed', '2026-06-15 16:00:00', 1105),
(1106, 95.02, 'Passed', '2026-06-15 16:00:00', 1106),
(1107, 83.7, 'Passed', '2026-06-15 16:00:00', 1107),
(1108, 93.26, 'Passed', '2026-06-15 16:00:00', 1108),
(1109, 83.46, 'Passed', '2026-06-15 16:00:00', 1109),
(1110, 96.11, 'Passed', '2026-06-15 16:00:00', 1110),
(1111, 80.95, 'Passed', '2026-06-15 16:00:00', 1111),
(1112, 86.75, 'Passed', '2026-06-15 16:00:00', 1112),
(1113, 96.93, 'Passed', '2026-06-15 16:00:00', 1113),
(1114, 82.44, 'Passed', '2026-06-15 16:00:00', 1114),
(1115, 87.02, 'Passed', '2026-06-15 16:00:00', 1115),
(1116, 84.99, 'Passed', '2026-06-15 16:00:00', 1116),
(1117, 78.53, 'Passed', '2026-06-15 16:00:00', 1117),
(1118, 79.07, 'Passed', '2026-06-15 16:00:00', 1118),
(1119, 88.04, 'Passed', '2026-06-15 16:00:00', 1119),
(1120, 82.72, 'Passed', '2026-06-15 16:00:00', 1120),
(1121, 97.89, 'Passed', '2026-06-15 16:00:00', 1121),
(1122, 85.5, 'Passed', '2026-06-15 16:00:00', 1122),
(1123, 78.56, 'Passed', '2026-06-15 16:00:00', 1123),
(1124, 96.62, 'Passed', '2026-06-15 16:00:00', 1124),
(1125, 94.78, 'Passed', '2026-06-15 16:00:00', 1125),
(1126, 91.0, 'Passed', '2026-06-15 16:00:00', 1126),
(1127, 93.83, 'Passed', '2026-06-15 16:00:00', 1127),
(1128, 80.75, 'Passed', '2026-06-15 16:00:00', 1128),
(1129, 83.74, 'Passed', '2026-06-15 16:00:00', 1129),
(1130, 94.6, 'Passed', '2026-06-15 16:00:00', 1130),
(1131, 91.92, 'Passed', '2026-06-15 16:00:00', 1131),
(1132, 80.78, 'Passed', '2026-06-15 16:00:00', 1132),
(1133, 92.11, 'Passed', '2026-06-15 16:00:00', 1133),
(1134, 86.97, 'Passed', '2026-06-15 16:00:00', 1134),
(1135, 78.11, 'Passed', '2026-06-15 16:00:00', 1135),
(1136, 79.58, 'Passed', '2026-06-15 16:00:00', 1136),
(1137, 83.12, 'Passed', '2026-06-15 16:00:00', 1137),
(1138, 94.7, 'Passed', '2026-06-15 16:00:00', 1138),
(1139, 88.98, 'Passed', '2026-06-15 16:00:00', 1139),
(1140, 92.54, 'Passed', '2026-06-15 16:00:00', 1140),
(1141, 88.56, 'Passed', '2026-06-15 16:00:00', 1141),
(1142, 80.22, 'Passed', '2026-06-15 16:00:00', 1142),
(1143, 83.76, 'Passed', '2026-06-15 16:00:00', 1143),
(1144, 84.02, 'Passed', '2026-06-15 16:00:00', 1144),
(1145, 78.95, 'Passed', '2026-06-15 16:00:00', 1145),
(1146, 86.4, 'Passed', '2026-06-15 16:00:00', 1146),
(1147, 93.88, 'Passed', '2026-06-15 16:00:00', 1147),
(1148, 87.14, 'Passed', '2026-06-15 16:00:00', 1148),
(1149, 80.22, 'Passed', '2026-06-15 16:00:00', 1149),
(1150, 96.1, 'Passed', '2026-06-15 16:00:00', 1150),
(1151, 89.93, 'Passed', '2026-06-15 16:00:00', 1151),
(1152, 78.33, 'Passed', '2026-06-15 16:00:00', 1152),
(1153, 88.31, 'Passed', '2026-06-15 16:00:00', 1153),
(1154, 82.84, 'Passed', '2026-06-15 16:00:00', 1154),
(1155, 80.87, 'Passed', '2026-06-15 16:00:00', 1155),
(1156, 86.58, 'Passed', '2026-06-15 16:00:00', 1156),
(1157, 90.3, 'Passed', '2026-06-15 16:00:00', 1157),
(1158, 82.81, 'Passed', '2026-06-15 16:00:00', 1158),
(1159, 86.33, 'Passed', '2026-06-15 16:00:00', 1159),
(1160, 91.29, 'Passed', '2026-06-15 16:00:00', 1160),
(1161, 79.71, 'Passed', '2026-06-15 16:00:00', 1161),
(1162, 97.49, 'Passed', '2026-06-15 16:00:00', 1162),
(1163, 79.35, 'Passed', '2026-06-15 16:00:00', 1163),
(1164, 88.52, 'Passed', '2026-06-15 16:00:00', 1164),
(1165, 88.15, 'Passed', '2026-06-15 16:00:00', 1165),
(1166, 97.77, 'Passed', '2026-06-15 16:00:00', 1166),
(1167, 89.08, 'Passed', '2026-06-15 16:00:00', 1167),
(1168, 85.81, 'Passed', '2026-06-15 16:00:00', 1168),
(1169, 87.4, 'Passed', '2026-06-15 16:00:00', 1169),
(1170, 90.71, 'Passed', '2026-06-15 16:00:00', 1170),
(1171, 97.62, 'Passed', '2026-06-15 16:00:00', 1171),
(1172, 83.07, 'Passed', '2026-06-15 16:00:00', 1172),
(1173, 78.32, 'Passed', '2026-06-15 16:00:00', 1173),
(1174, 93.77, 'Passed', '2026-06-15 16:00:00', 1174),
(1175, 84.9, 'Passed', '2026-06-15 16:00:00', 1175),
(1176, 92.66, 'Passed', '2026-06-15 16:00:00', 1176),
(1177, 90.57, 'Passed', '2026-06-15 16:00:00', 1177),
(1178, 93.43, 'Passed', '2026-06-15 16:00:00', 1178),
(1179, 92.7, 'Passed', '2026-06-15 16:00:00', 1179),
(1180, 84.65, 'Passed', '2026-06-15 16:00:00', 1180),
(1181, 78.89, 'Passed', '2026-06-15 16:00:00', 1181),
(1182, 88.92, 'Passed', '2026-06-15 16:00:00', 1182),
(1183, 94.27, 'Passed', '2026-06-15 16:00:00', 1183),
(1184, 81.5, 'Passed', '2026-06-15 16:00:00', 1184),
(1185, 93.58, 'Passed', '2026-06-15 16:00:00', 1185),
(1186, 87.29, 'Passed', '2026-06-15 16:00:00', 1186),
(1187, 91.91, 'Passed', '2026-06-15 16:00:00', 1187),
(1188, 90.63, 'Passed', '2026-06-15 16:00:00', 1188),
(1189, 94.23, 'Passed', '2026-06-15 16:00:00', 1189),
(1190, 79.26, 'Passed', '2026-06-15 16:00:00', 1190),
(1191, 93.52, 'Passed', '2026-06-15 16:00:00', 1191),
(1192, 87.15, 'Passed', '2026-06-15 16:00:00', 1192),
(1193, 83.87, 'Passed', '2026-06-15 16:00:00', 1193),
(1194, 78.88, 'Passed', '2026-06-15 16:00:00', 1194),
(1195, 81.99, 'Passed', '2026-06-15 16:00:00', 1195),
(1196, 78.84, 'Passed', '2026-06-15 16:00:00', 1196),
(1197, 96.67, 'Passed', '2026-06-15 16:00:00', 1197),
(1198, 88.31, 'Passed', '2026-06-15 16:00:00', 1198),
(1199, 97.78, 'Passed', '2026-06-15 16:00:00', 1199),
(1200, 88.86, 'Passed', '2026-06-15 16:00:00', 1200);

INSERT INTO CourseGrade (
  CourseGrade_id, FinalGrade, Remarks, DateCalculated, FK_Enrollment_ID
) VALUES
(1201, 83.07, 'Passed', '2026-06-15 16:00:00', 1201),
(1202, 93.07, 'Passed', '2026-06-15 16:00:00', 1202),
(1203, 81.82, 'Passed', '2026-06-15 16:00:00', 1203),
(1204, 85.14, 'Passed', '2026-06-15 16:00:00', 1204),
(1205, 93.62, 'Passed', '2026-06-15 16:00:00', 1205),
(1206, 95.32, 'Passed', '2026-06-15 16:00:00', 1206),
(1207, 84.64, 'Passed', '2026-06-15 16:00:00', 1207),
(1208, 80.49, 'Passed', '2026-06-15 16:00:00', 1208),
(1209, 85.36, 'Passed', '2026-06-15 16:00:00', 1209),
(1210, 95.79, 'Passed', '2026-06-15 16:00:00', 1210),
(1211, 92.87, 'Passed', '2026-06-15 16:00:00', 1211),
(1212, 95.89, 'Passed', '2026-06-15 16:00:00', 1212),
(1213, 85.73, 'Passed', '2026-06-15 16:00:00', 1213),
(1214, 97.47, 'Passed', '2026-06-15 16:00:00', 1214),
(1215, 87.92, 'Passed', '2026-06-15 16:00:00', 1215),
(1216, 87.95, 'Passed', '2026-06-15 16:00:00', 1216),
(1217, 96.49, 'Passed', '2026-06-15 16:00:00', 1217),
(1218, 88.39, 'Passed', '2026-06-15 16:00:00', 1218),
(1219, 94.02, 'Passed', '2026-06-15 16:00:00', 1219),
(1220, 92.54, 'Passed', '2026-06-15 16:00:00', 1220),
(1221, 79.58, 'Passed', '2026-06-15 16:00:00', 1221),
(1222, 90.05, 'Passed', '2026-06-15 16:00:00', 1222),
(1223, 94.45, 'Passed', '2026-06-15 16:00:00', 1223),
(1224, 88.91, 'Passed', '2026-06-15 16:00:00', 1224),
(1225, 84.42, 'Passed', '2026-06-15 16:00:00', 1225),
(1226, 79.6, 'Passed', '2026-06-15 16:00:00', 1226),
(1227, 91.22, 'Passed', '2026-06-15 16:00:00', 1227),
(1228, 84.13, 'Passed', '2026-06-15 16:00:00', 1228),
(1229, 90.05, 'Passed', '2026-06-15 16:00:00', 1229),
(1230, 86.52, 'Passed', '2026-06-15 16:00:00', 1230),
(1231, 91.8, 'Passed', '2026-06-15 16:00:00', 1231),
(1232, 85.03, 'Passed', '2026-06-15 16:00:00', 1232),
(1233, 78.85, 'Passed', '2026-06-15 16:00:00', 1233),
(1234, 95.4, 'Passed', '2026-06-15 16:00:00', 1234),
(1235, 85.05, 'Passed', '2026-06-15 16:00:00', 1235),
(1236, 97.96, 'Passed', '2026-06-15 16:00:00', 1236),
(1237, 83.49, 'Passed', '2026-06-15 16:00:00', 1237),
(1238, 97.6, 'Passed', '2026-06-15 16:00:00', 1238),
(1239, 96.96, 'Passed', '2026-06-15 16:00:00', 1239),
(1240, 79.5, 'Passed', '2026-06-15 16:00:00', 1240),
(1241, 90.75, 'Passed', '2026-06-15 16:00:00', 1241),
(1242, 85.27, 'Passed', '2026-06-15 16:00:00', 1242),
(1243, 94.02, 'Passed', '2026-06-15 16:00:00', 1243),
(1244, 91.59, 'Passed', '2026-06-15 16:00:00', 1244),
(1245, 97.06, 'Passed', '2026-06-15 16:00:00', 1245),
(1246, 80.86, 'Passed', '2026-06-15 16:00:00', 1246),
(1247, 90.15, 'Passed', '2026-06-15 16:00:00', 1247),
(1248, 93.63, 'Passed', '2026-06-15 16:00:00', 1248),
(1249, 78.7, 'Passed', '2026-06-15 16:00:00', 1249),
(1250, 79.34, 'Passed', '2026-06-15 16:00:00', 1250),
(1251, 93.57, 'Passed', '2026-06-15 16:00:00', 1251),
(1252, 85.33, 'Passed', '2026-06-15 16:00:00', 1252),
(1253, 85.66, 'Passed', '2026-06-15 16:00:00', 1253),
(1254, 89.34, 'Passed', '2026-06-15 16:00:00', 1254),
(1255, 90.1, 'Passed', '2026-06-15 16:00:00', 1255),
(1256, 91.58, 'Passed', '2026-06-15 16:00:00', 1256),
(1257, 96.98, 'Passed', '2026-06-15 16:00:00', 1257),
(1258, 85.44, 'Passed', '2026-06-15 16:00:00', 1258),
(1259, 93.26, 'Passed', '2026-06-15 16:00:00', 1259),
(1260, 89.48, 'Passed', '2026-06-15 16:00:00', 1260),
(1261, 88.59, 'Passed', '2026-06-15 16:00:00', 1261),
(1262, 85.96, 'Passed', '2026-06-15 16:00:00', 1262),
(1263, 90.99, 'Passed', '2026-06-15 16:00:00', 1263),
(1264, 82.99, 'Passed', '2026-06-15 16:00:00', 1264),
(1265, 80.27, 'Passed', '2026-06-15 16:00:00', 1265),
(1266, 92.71, 'Passed', '2026-06-15 16:00:00', 1266),
(1267, 87.98, 'Passed', '2026-06-15 16:00:00', 1267),
(1268, 85.74, 'Passed', '2026-06-15 16:00:00', 1268),
(1269, 89.23, 'Passed', '2026-06-15 16:00:00', 1269),
(1270, 83.24, 'Passed', '2026-06-15 16:00:00', 1270),
(1271, 83.21, 'Passed', '2026-06-15 16:00:00', 1271),
(1272, 86.93, 'Passed', '2026-06-15 16:00:00', 1272),
(1273, 97.93, 'Passed', '2026-06-15 16:00:00', 1273),
(1274, 83.71, 'Passed', '2026-06-15 16:00:00', 1274),
(1275, 96.33, 'Passed', '2026-06-15 16:00:00', 1275),
(1276, 87.82, 'Passed', '2026-06-15 16:00:00', 1276),
(1277, 80.45, 'Passed', '2026-06-15 16:00:00', 1277),
(1278, 95.06, 'Passed', '2026-06-15 16:00:00', 1278),
(1279, 87.04, 'Passed', '2026-06-15 16:00:00', 1279),
(1280, 95.97, 'Passed', '2026-06-15 16:00:00', 1280);


